Ca,Na,Si,K,Mg,F-,Cl-,Br-,SO-,Li,Be,B,Al,V,Cr,Mn,Fe,Co,Ni,Cu,Zn,Ga,As,Rb,Sr,Y,Mo,Cd,Sb,Cs,Ba,Pb,pH
71.22143063465278,2.6423395287570983,49.37157403851968,20.961114882992447,10.388924096106766,33.728561108629094,0.8601643261393677,41.94524414955663,47.02974456383243,40.619420854540024,92.28392155352343,38.25130846162541,75.09164233926681,66.50309031758161,63.96865287419525,20.169412666933194,76.99571572052946,41.21080659572917,48.03161164381077,13.574555647409603,82.12014270338159,83.18278692064747,3.7354840819062707,62.71511890477527,41.281931879586864,88.3220277659432,39.6062148275341,9.295625231192673,93.413245496953,60.82709947801054,40.89434582639624,26.25191180744153,57.53618134465827
70.54777862582321,84.49379395385986,16.1581048452909,26.268173950443995,68.43487254747035,76.04994812016427,0.0729170036480542,4.370143690816175,5.461722870057761,95.53347175467212,4.315606378704018,64.65108399666116,95.84358461871082,21.616612859597684,80.02590222058453,43.61967132398631,44.85466788274506,40.66703505827447,91.58825523356778,34.40966165481358,47.584611559429376,41.3543602689049,40.56586357000693,67.66252663185607,3.5058976210404214,10.3561076911854,38.952563135029706,87.20980273609665,72.57596448803092,7.1612092981184645,91.98906571646725,74.23799187977303,72.15987598872552
38.86823078344415,0.10146550360204953,62.92072582130124,51.419346795288035,67.91557853583961,98.7876582826743,32.93515956476989,26.06369686246569,9.763115759006858,79.14134413204211,89.7006306997435,80.64367570799358,2.632016822282246,83.75509127291176,52.82592918865833,43.0285837215173,65.67171879420715,74.13692875349453,70.99606756811787,3.114619397983587,84.24559969387398,30.178903403238966,53.75033787845277,49.693189592054544,77.68007680279835,58.58539040297479,42.80306465748034,6.679199212811793,30.234299864289195,83.79444501704563,63.885790520221796,78.97134610550026,73.02520196746393
53.610286020093945,83.39739357129767,70.0509613066313,88.83561360189508,22.10460971237166,21.62809423536942,52.7639033300778,58.126660207038114,2.1709340080782513,1.9020730424255117,28.16335519007843,61.12906138999289,19.16903522800143,31.712203596230992,81.05608156394756,82.71133594459803,99.2440291003043,98.81130917221687,9.436608720217777,63.30237958117997,61.67171256691788,30.033449526283885,97.77297677654323,11.660235110593076,15.939115723833542,99.114439193875,3.3079647482022634,11.160325174433394,25.322678827805746,15.13946958543313,27.859240511776505,76.94703290238574,7.868496983976603
59.09733748818813,29.80986527103986,88.43376890004468,14.14023749041039,34.83672938113267,31.67181139575416,99.05058087559001,54.55951478523694,0.7786552323739926,60.00104676280097,65.85504950477483,53.82509068364152,29.50584478893836,95.52886669596872,11.838788038108827,3.4145680965562475,62.84053039627718,13.906420396543794,52.15291967350879,58.540768046521386,85.25223076119585,13.340751507448523,21.781463052954585,17.323551462144682,22.708219097093263,6.876902697061016,9.847717629950047,52.38087338366294,96.43696560203382,51.36883209474239,50.0730147996157,11.289028817550872,82.5059868592928
11.23625850375236,4.923101098779503,18.653970755471594,74.28700107043898,77.53667268224534,9.46737017103052,43.887933340922146,60.21349476992782,85.94401267891567,66.2979585832592,91.15510922203754,36.12990313941417,89.44821315117866,58.38852500554796,69.40097248918262,36.42169582180968,82.31537433781777,36.27855576871062,5.095285876572553,3.5221322692936208,17.39428719806847,26.4717460349549,4.001946162700854,91.46083599165662,30.852320593746185,4.997952378801185,88.68269554216945,80.87284851511933,90.09271261303275,1.0319023154197415,29.80205621380142,90.99461621592356,68.34030114243318
42.481141010300306,10.204022200261264,84.32862131291141,94.53897065942952,16.507122647165406,63.940304259218195,10.39350197661404,30.313408324995063,0.5051956418496761,78.373858565407,7.814023450031415,96.34535588240834,95.50822338817567,20.932649168683525,15.188925684163602,51.1289912697176,21.95032262305332,16.70971634574121,68.85431754547578,87.83156950738818,33.663183344595424,57.19366785989224,2.905024008834145,1.619930208861553,8.456231964192828,35.24725828995068,30.979218216371006,9.211046369120456,0.3683103038621405,76.3836954390238,90.23247677740257,52.534679206343796,1.5051995417049158
65.89836190432196,80.80453353971738,24.92932645542775,67.394440782213,5.20819903518378,19.71730049751075,60.12169043676464,85.56246049468417,97.43219945584893,26.322365596074782,23.760933218164272,80.59322393303805,20.46521144301351,38.08615714487943,12.904222899137007,53.26374048958584,28.24958663506969,20.628263851286555,66.05024048439259,24.954534403699736,14.771829095621358,12.916333159669291,96.89242746043836,69.30567366786939,29.571446420173174,70.80129172924813,75.74145496082859,71.8747268577836,9.144763394624356,7.383610445631394,85.67894300302001,26.687208098913505,92.68735408525394
5.949502151779129,3.30146323219469,73.91382381148378,72.8091041941069,73.99446790703071,34.608141954961745,4.903738964698023,27.666871909271684,85.93672327918615,2.3666654308191815,13.512106283106318,97.35910672031606,38.321234867786636,59.278469385221456,43.520101527280694,58.92240599692283,84.64294949941852,71.34636540265362,77.58755113078024,17.908859203829675,53.93717992313447,36.348081668138065,93.02454943022964,72.86160385339787,1.4770413745788802,97.2015146601261,95.61255137825184,22.642944684393573,3.5103012916986587,96.71355320543529,13.293706929629822,1.3791171948857373,53.5078915522113
63.339221701714585,55.9694504560008,28.634191133527885,12.271422947607347,69.32628508463775,28.758019679154334,52.51927030436841,77.74598353314269,59.995383076123744,5.382252324056546,43.11125453539633,54.154506443028225,55.94073692126137,80.45185685466505,98.04466335508462,86.01601799872444,35.70472029037671,14.351146248007785,16.373101910056043,39.791708135604,27.513825825606673,49.94962689959473,44.40153194245278,42.97526875641178,81.11839564768381,38.116145780093404,39.70456594450186,62.53608619250851,6.428907339239453,2.466854179904643,56.87470562232496,17.162206122933142,26.062721558130285
41.11842745793567,49.69245328852661,16.297510735091304,59.03960103933027,19.21680936593717,84.62549863903742,10.437151138406954,27.11867509775737,6.8746866183125865,1.6428864815745348,45.169690218624446,35.958285104127555,89.52135534748122,2.4000799363216307,34.78716323492842,98.94802538742573,22.915408959177576,88.09007601181662,42.8236773419175,97.75880195200824,56.8990568884177,72.62622173711908,28.31654971781159,74.37055856397127,45.68690248649071,34.5924125013652,21.680655068768218,22.784735826858725,66.23959435593704,8.259264283559508,66.2919448315931,98.4516484874662,24.994660679185742
36.45873608012459,78.4194513259766,70.05751765789968,48.449549546184976,59.213461373666284,39.682433992183995,95.00992007967956,18.120909939146546,90.99460858576754,46.151685431960345,94.04321433750106,36.13842688665437,12.855860175849521,98.20700718010801,34.561780085548875,99.57030705813801,86.94625638056594,10.594407513287374,98.93378309604782,95.53602780610207,1.0179440011106378,27.770680595300234,20.896749036266826,11.387939921938727,68.43370666412392,87.30873861222895,99.70506501819486,62.51711730497519,37.384159618721434,91.67051146598185,98.00880726124247,56.24204960094092,48.038065843003274
63.176067307716366,72.81526112076871,73.45854525935997,0.04146346550957247,16.95127082363245,67.76085533378671,86.5767686411344,65.3936013329796,92.80625682459548,49.53465781812337,55.79700213777684,32.480773454439834,41.8014417215293,13.78503537315191,87.5467589818472,15.95774564203759,32.54909127697563,39.529435171740346,36.982426116665245,75.83090933925611,61.47615844057399,84.12543541837064,76.87063753651455,23.642213632982667,37.263095832004055,3.5294188368467982,26.453974541213242,41.00746863600365,47.038837094423634,80.1906131172905,87.83368197790817,97.15347029174178,14.590993441026324
6.700134848231354,78.97380091780026,11.141889681481377,81.47316916935327,41.74709796309736,22.775833153373902,51.526953148757606,75.81755138971657,40.37191762324548,48.910173780377356,14.349133767090816,32.77881959679989,62.51229961300078,75.89943321373924,11.37220675274574,71.08144867045239,65.25711278525003,97.53013906426324,20.416833509760867,69.10935212802602,65.1892048478538,54.22565379950724,47.813500043910906,30.178178178342808,84.47295831290239,85.66918804582976,96.23334400702988,9.318815254071033,29.2233584061516,35.565300608747364,79.4113293071826,94.8218546997957,62.904534232892004
5.131430363750589,1.6225171025488594,6.717664231604104,24.066580939043615,0.8301031068954412,70.85977910200879,83.88646038884144,92.89854417838481,15.619543875070828,3.3843043020668095,50.704333785048675,64.87324736306859,5.344883991513072,60.424056004676494,83.72784471796203,95.97531387776166,35.95658201961265,72.01818333517572,3.1264595368013404,52.08008204732101,50.53365438620697,14.873381491239579,27.348075485009105,33.625948904175395,49.86020245824181,95.74324437192521,2.325961168644941,63.90810245065893,36.547792479206976,77.92926615284955,2.8506653419727246,76.04427147611736,23.342703103169494
1.9230955620186507,94.71379712511114,4.650822608217753,50.685217306476694,69.72302932400812,89.14047020848486,87.92818388758816,66.56355646514187,76.81237404383431,69.39907871033998,39.49538717860768,92.28939348832043,98.51244721661827,35.435859449546214,76.22726731240402,33.13663376395748,95.64317744234717,53.168753265044046,9.621419365813288,81.23667415148033,60.65169835088122,64.25779603132025,61.95214569940762,55.11310723494911,6.050575116472833,64.5043713360218,96.40564525360992,55.72049148050932,63.85866246622501,66.92342765025556,38.89048403461947,64.50815210904346,33.19381771222732
3.034653884915872,12.130366965148154,82.41871572211726,22.242455735613873,3.308219167013615,58.22991072617708,61.90235792704755,24.629458677766934,47.30221805267999,97.42174277830138,79.34590394052556,21.088021905496245,94.41541751995557,54.69994273949301,92.02272959040899,33.300050068415175,52.164116248911206,41.236201492002024,83.71944907802889,76.5462727587361,38.63913154753293,95.2784058630457,92.63194860096942,19.889468009131186,96.60666726620006,90.53471030595284,36.22195938598066,46.57525360794714,27.700391511434997,99.6394636141425,1.8029364222650224,80.4361249567938,95.05997213258904
26.053399989682813,94.80414739407625,49.63222599954585,64.46063433149929,92.97162419931638,40.14600157146903,79.43833257733074,66.14771735682169,82.15740564109895,58.60177361894284,36.71805519314678,62.04702209594052,59.94912456538422,26.363437953228708,27.450760562692345,19.949257941780186,2.1386443155555934,23.721675534969076,69.0621638257116,29.20376241810928,72.7915090380254,32.72504120716264,18.32987326334685,54.48682469010605,44.94930963852654,16.30581797804618,94.13527929365848,66.79758582565964,71.10342237489954,16.517810653535403,85.24390863699132,26.976458843862726,99.782021006319
43.60189742833776,80.19093848433813,5.480813167565013,0.2345203988665001,58.20791118280697,42.48022072948415,18.466548994255717,30.604076723978945,67.74972463613913,75.16692753425266,34.56005818930565,55.24040997355909,76.71240331453374,74.78178885777965,37.038638045460516,6.323702306351564,86.81712164592675,43.53254987827771,4.9976818019845215,5.078578560590518,60.80931458065173,4.164133762027,81.4699609505676,88.97226876308444,41.44269553639338,12.878946140458968,15.942115392592637,73.5425254487146,30.879977663305823,4.056465333669035,4.621268522479927,5.33567066721824,5.9776628645446745
51.23153736056554,68.10887560317701,53.40857177485891,6.854093873655797,82.90689296156953,97.93439607646492,24.26361879758524,30.172129701151462,45.21402401817709,37.995094461471155,44.627165476925455,72.79412244850269,90.07548674430181,76.81249878524292,85.16539694314524,19.064261025704667,8.76480074559427,66.50637162747189,36.40837983791221,84.37393597700552,66.68670720917123,19.44915711920584,22.95364614340044,42.41031768544657,82.1845668641529,99.32958148578416,97.60528710898816,32.74407955158537,2.887773940607552,37.50649152194953,39.952396148506296,94.8209955570752,55.55146052962235
39.721524832392475,53.63911802190617,69.02918929589396,85.18982497422783,44.50943202273051,97.6177171325578,18.536648883854824,11.951763332931687,58.17611143511224,89.58918197044189,34.52544480318572,65.48342378865931,85.18073945665137,90.12179905509102,47.54290521666928,67.6709017608659,93.2611053448949,13.031544073030698,11.22035965272814,91.33485890018262,53.329919368923754,88.98193309161162,81.08411538856176,80.9688839975216,90.23981349421337,39.4630982461193,6.610925376573162,58.66148602199572,1.6344667610356134,19.45917976206555,49.8361427311961,63.58818456584376,6.514287292653975
11.593362571156229,53.88942924303628,83.72995215586786,0.20400504757983606,18.899791441489413,80.53956609639243,78.16178120259846,25.33066377694614,68.70698745856646,15.236131718478752,15.657743303049676,46.99459165326332,40.7210222469624,88.61032265541125,25.9787483516701,53.349644286562324,89.45002234572408,43.30838353873796,2.142385790348389,28.529281999242084,84.87156313053539,94.15249761212613,44.32542610260518,34.354035929328994,89.75247413602027,39.38024665480134,16.3138375877351,54.92936371940716,36.869552307438546,24.963507968944253,30.94788092889883,98.80383496437781,85.75014521565171
30.836551431652413,29.54120600752309,58.29076742252928,5.215876444572998,18.771231653960175,17.763055479468914,91.27804023192093,30.405801099446762,95.02434144521288,0.8573768686780392,77.18156221704012,4.052433960222612,48.05239733060254,93.22873714424922,24.601080142428177,35.88134953535914,80.6777485727607,98.67540281000092,74.87887439561574,20.921024094622975,14.5630774517978,35.53977779850936,48.63418215280152,9.970891510531354,60.01401684689577,18.553489866870255,0.19468220601709385,15.063082191158161,49.211489192671465,61.413279724704736,59.34727388731448,27.583449979569174,95.79390249209821
91.0219914591464,22.559924109630924,63.376902438237096,47.76393277595331,59.441555962305785,38.18477952138285,64.38742895924506,46.47493245176075,77.57282498339269,56.24907977848919,56.37729450269754,85.39301816499174,1.173760431093751,96.36844632479423,83.71449087443841,0.33223513716958974,35.648639740295685,34.79551772987071,9.375287722405501,45.944736233257814,4.5646266668297075,15.962171627071708,91.659961509942,68.5920590722009,47.4715717190055,57.30807764110809,14.950590394973284,92.76453154975373,62.16963515897426,2.241947286735513,64.61615563938892,68.2733656541789,32.75576818038905
36.43423919647888,4.5425455110001405,84.04984317035337,98.04284776582047,49.16144739157136,36.62237881893166,88.39995966254193,25.47465537194764,28.780325104152805,46.66728071928162,84.8100627475636,79.33482714095797,91.24520174330954,1.281034726857777,72.64207563805805,38.11200601433836,22.639628640444233,76.7377055244924,32.488831338554206,73.141554590701,8.396448738869566,88.34634269173092,59.99979445937799,16.364505500594618,80.40819339089364,18.594381464499033,31.615673089967476,42.353240664608094,54.4896569030334,17.257613147098326,23.99328265604045,40.30476728698821,3.898509690018259
58.65558574748151,78.5436127509649,36.57094623330879,62.61751816522907,29.683143670582968,95.33298011208203,36.64798919049153,75.43773829328966,35.91561742556843,66.19240415178726,8.16848657833864,28.87007867824387,55.65707340047492,13.1254924660562,26.040486781188264,0.24300423669249005,94.78576954994317,71.2165326713205,70.34856253334144,48.451046660646256,52.31287495983111,23.85255040208445,80.7782670556676,23.511480362990966,45.66662272287865,8.710815359795454,23.694136135826238,89.20991436113586,7.947128191215658,20.712453218151605,84.38764129842207,13.701415563682339,75.72753136380906
19.45978437022231,17.48380396951208,23.453558403081043,61.640736201479974,59.64651886909051,0.7945892884054451,89.27017601854577,26.71038860741316,92.83241152184462,56.80149554259605,49.691596990015164,78.19093264456197,2.3866994493283666,84.50067653276874,49.79198065705366,42.61843314586672,45.80701181168726,59.23225572864228,52.32016592293623,83.83547994767726,40.60847384254548,66.66116951463573,40.91773365632169,76.53025656366205,67.16873247035468,37.31579902221155,17.537305058294493,84.61541736370299,52.42113229474698,96.90065604693584,26.01676335561566,81.96917377555036,31.032631015507693
36.21669837164691,50.15934279992387,69.39484960705988,42.27693089069513,1.6130642743818258,15.39702975254068,86.54825626638588,39.7593209124105,85.36364657520546,85.34552331707664,28.7957963129054,1.7179582745528332,39.524806493515285,5.406726650587357,70.86511376529934,74.05299032150857,96.78323683163575,25.795079001994647,16.09886614966455,23.900776748244635,49.97235822343771,6.389403825759555,75.17288554652845,75.01515443754676,88.09158582728602,56.845652207134236,34.65273314349487,68.02716439645542,42.007586072450174,17.903430976901525,47.11164082427239,89.57548137308184,5.403215531990302
94.19809121164559,63.2226272293529,36.78660454554049,99.22482388490418,92.66429899794622,24.577187018418133,59.02191827507508,63.89063117186116,61.89086299794864,52.29333402385203,47.66584283854611,2.749882499998768,41.96280364126559,64.3443069930224,83.1280527982215,95.20118487803026,95.64780862382165,63.60515271924445,34.083178101353695,95.83474247422753,7.989103307589362,38.1918399529101,4.617913145223618,69.51747130221962,82.01576899273286,45.0343526106284,94.61651838303433,27.544289201116612,69.04252916156013,34.925873705418496,74.30446793855354,89.7240467732607,80.9259771595658
15.547858895150746,76.86278565065598,67.06079945368056,81.21429095088894,91.36015568155491,70.40508556883313,7.950495202933494,13.44352247800864,89.95155528180427,24.137709163233932,83.87953640690894,58.01560549407127,12.530612359599392,82.00869800516118,87.92971772588206,92.41000408982248,35.15070850814625,63.815574662930295,33.43360400634261,80.82814833707208,67.09626615861804,5.549967136621725,24.909178277565424,55.30011736724945,25.768168033377982,85.84941927237836,43.10553615879129,72.93797571851567,19.08128785815085,49.056625833239565,5.3228879643822395,8.389850220835903,41.23582397886308
91.38257702656269,94.98035076801527,52.43189148239921,95.69107932775142,4.1858688758246725,70.01596281893016,19.23580334027648,6.508109772419046,53.965483379082954,52.45565309475745,16.90456417934093,22.640413045099873,2.3999226261196216,92.80182661595985,46.21109556639303,66.40966262469989,10.112715844114739,13.482834961476087,24.02575803752155,21.481542365839022,38.48519369562059,21.633521120133135,46.97463464514489,6.8536690997039855,67.47464419299902,45.95317861626719,93.4557981632148,96.33916679763901,46.00641545198497,88.75809407772444,63.79395047383295,87.21394923997767,80.41073150213384
16.816073852749902,37.125914369202505,79.93991729236033,84.0255046020781,17.840553056003493,58.36579498211525,88.73970958310046,20.80128618230317,26.15128468889718,22.88546940833228,31.555893051581407,5.809324782880276,22.978632105158137,93.70160085386651,97.3726232339013,10.779970327907717,26.986857038025857,68.17086829838033,20.65536965381186,86.7002899679644,85.63308449925196,19.24221824337874,62.65555271389963,74.17199004855172,52.67043570785127,58.61334107556749,21.843063625200443,9.585071424688184,50.791676427251495,34.349991537981474,50.850894115197185,94.62990339610351,45.19458413146735
5.120307458281125,94.40695699627432,25.54593308747668,87.79701347892144,10.729335583173416,87.39190407147669,13.521129638260454,62.81008860810863,6.864306126345543,68.04885893441879,13.311242198431394,97.40761938710943,55.6908235088267,0.2816196764248047,4.1701032935882125,74.52371397304083,4.374128517683951,43.19263964406752,16.132428374169784,83.18969632809609,96.90782429500065,55.975039783664194,63.486807378229514,22.904203074407647,3.340968809631817,1.3064047035618698,22.56049116983506,5.088845903492767,47.37665753723934,50.95673349930227,6.149063721188819,95.35476307466199,35.26070171229536
75.06424553143768,15.112838969575115,29.278984930451745,22.522258572464516,6.883179305535148,36.514290547875696,37.372664406933566,53.50379280524427,96.03310229844259,65.468496682576,77.92436209353194,13.82798837307494,36.86076761407321,44.678148605146106,13.625995907684219,59.82418637893851,5.587538699830175,48.323542823535156,75.08752655084304,41.951409469518595,77.23327565333776,38.39328386132716,68.1109556751648,81.7136641186297,80.78272938492948,42.7363923691839,1.7608876089102332,43.905307702954644,48.85555043800388,14.989509749266205,3.8924549180141654,71.92196369033512,47.33195500354416
98.2074703837375,18.689137240858543,90.99662024845438,21.575035954407983,77.89737194908814,93.11893173459525,77.29888324132548,20.908107306387702,89.0481226053447,89.05837970177346,15.747893506309973,2.6392091055763234,49.3947776162918,3.5168819247323846,36.40287458389666,32.77649595365941,40.46619428402336,97.07042112021954,23.067686376117514,98.3555970519794,18.029541130901315,58.73911252443851,30.572001432871467,26.697826320548003,93.24292024797734,83.14780325834161,79.20233310196576,25.679084997124747,39.68663579510272,84.59442972025423,63.87427461747458,54.48278797779229,26.58516098572632
46.28146952856087,31.03454405785272,84.49979005601337,62.17079504702006,40.26301012498492,78.6771756096406,42.36415078471207,39.01775201778628,96.11944168243558,4.697737984856076,50.64796301436123,60.04490943106462,94.76535265315479,49.448948558901115,1.8706607320625568,94.04930354069151,70.07215112907245,44.35929535636029,37.269499822644,78.10565672871904,47.75474996819159,65.57210663832171,79.32702676597657,15.349001540168672,28.83624616398899,15.655768267916114,18.488075531362412,74.46986073404007,40.726098940387146,55.01754318733947,8.529332000344436,20.857251320330448,57.970331504619196
23.05451772976106,37.62602627434103,20.31710125333529,46.95061113489815,69.3449579014781,53.35712438687854,70.04331136412497,92.31875828406018,79.27870760822489,75.48608070469572,36.09489294408762,74.84797260078274,75.63715294223185,43.37577111706333,29.031785372360496,29.46312021019095,1.5727888560203684,10.282780366911137,21.202444788086094,21.795614955116747,22.14809256829502,2.1407732192206264,78.68025394073645,98.42921236332492,19.818093982434704,9.42839394001066,29.749997465095944,89.44264663544065,25.316148086533342,46.94412814309048,86.87813891285768,74.59137379650392,32.2289825125014
9.472542054626976,63.981509680196645,81.81660255297018,18.379665599316,94.55402430696807,96.21420257290234,66.36393435374222,98.93921036402948,82.16181731928636,47.39485632416742,47.98810071965143,26.087408367033525,87.21694424730298,26.431428625533304,35.53794448322971,15.668789019540863,40.59141448774315,25.217695178336086,96.24499990432689,18.883445987735293,11.863354649575196,19.562620840158218,43.838591685669236,22.598651796660928,26.28692389416606,92.39942967440031,41.62626803747279,10.625133236543737,1.6134079546546887,0.4184201829976808,88.67561481221551,57.08142322440358,19.25449850973463
65.76673875243725,40.853326333099204,64.20981874830125,95.71989010261585,67.85860736638149,5.075402641508053,63.125179074667706,32.47939323032023,82.89969476346835,23.060289905018127,77.5865564312266,35.74747924514761,33.45239975866565,68.78223817397999,5.447441189449986,50.463264021924736,41.71552644289995,10.201383663873164,65.21309298791527,3.4042655019938195,93.6942018448353,94.217108812025,58.45761352051766,68.8457760173284,99.46097336993456,59.84880884607028,79.51159630093525,20.572144954417904,22.800310564702585,46.11034902042839,82.71240626746128,25.869707682485,56.72184264736254
80.1511055192135,25.48943292415308,34.457342558917794,7.296183899443209,41.710261679599526,60.28206028605915,21.41011873514078,55.888106970111416,51.358649871759056,64.33987751276298,55.771601239082194,46.484769768304666,66.48394959285785,22.159006010168834,64.88899469709175,99.61725566154894,18.841517488320726,53.06797009917613,74.78344600376546,88.47070584811564,13.303227540233065,16.7266858255105,48.64511724756939,9.040355339606542,52.76786258452532,36.62866127840287,56.79413388967887,91.84786809688704,63.80399326836057,46.702830146652964,66.71700630050813,56.03184242336424,54.63798054241815
72.02307138030632,40.376027994742394,37.90766957703025,35.62098179551788,49.78085840795998,36.02910636910737,50.027092154325814,53.56099485078375,63.15488738949316,28.548036138543974,70.20849202876275,39.14970143997781,25.01394649564942,72.5682035036858,61.54839752809424,82.48970585915123,94.5912651149703,85.40223453755165,71.5618017170349,96.52875592146738,63.26013918985942,0.9250301695437613,19.597985834189082,99.58658580902686,29.125381717653763,63.02785634611517,90.05264896384733,32.94827549383499,29.924510713519815,14.56994192252784,87.58722143410118,68.10497847115481,92.53836458573682
57.09408409612845,73.611453948972,24.89438305624805,18.34561049953509,33.113143559521696,36.58426543937623,95.62270870318733,55.66671850920927,75.24247431738229,2.3714970590267614,91.50370719555768,62.77809881568411,2.274317734877085,23.541391474413654,56.25466203740547,65.41755480279218,82.53858265829017,44.886740778420695,11.41780956617212,70.14951534304697,50.9493618730422,19.009516340099797,42.53759194283712,68.25973033720666,65.38681743137492,60.2892231978203,52.33935356233672,76.71918652440836,85.53246137333474,82.72031420660126,35.479713863348,17.91256929943478,42.36241152065164
64.40019446013923,28.448447363008377,13.910712971291517,63.96585641356387,4.048387884161775,47.88554239771293,2.3894864074676114,96.8644440767517,63.006866910456225,69.66908932941689,88.59718662936623,72.2138405187036,13.534111425876427,80.98608792332308,55.422067256589116,54.35155714966707,87.91478479154648,34.64044171519698,78.89664432554376,19.84540574294695,17.82697758984808,96.86424814115432,6.656800401696206,78.27760139066356,84.10416681197508,30.47683733843215,5.5294307427254825,81.15181147230344,81.09579943982258,29.252435838405923,45.91953729305914,24.472438499651172,45.05304174796021
18.785012728199558,63.402545327018586,66.90387814775193,17.328551064780417,54.98242474572502,17.886479057774075,96.0988973935835,80.92404273567652,55.28134474442455,54.409046263114924,30.65241504114472,36.533226534147985,12.971356433335146,25.900066353105146,3.960163185560317,74.82416567828908,96.06489260713157,6.16975190410034,61.35637817094322,89.63739609623805,50.8544490051131,56.94681245400998,13.357459051043453,20.982456219941948,85.2777228192026,7.434276775677984,25.148761480781403,69.92501067303827,89.63146387495348,70.01158765072965,79.42419886673675,84.51221379459054,58.31647005436065
74.08167819535416,35.130333574085014,13.691785677710444,49.86196256795067,51.6345341250819,9.387558491787939,61.1561026632616,68.75560866655005,41.65048161741372,92.71781114489222,49.525097195424095,46.32990665281112,93.71298565801135,12.601428415690364,87.06088927150387,20.17436660628712,72.87927393145863,72.74426292157673,72.69686687360941,50.13692764413735,52.73621835057888,75.65739681226776,68.37470727839869,1.81084057163311,20.8082431761332,70.92981038352136,30.35909599855715,97.82217615426283,69.9983582099279,60.4753481896396,14.505567933206843,36.049099770926865,62.24800070272257
35.3280030473485,25.607867415132034,80.81076369219049,3.710093593833963,44.33016277501878,17.43799628115591,65.04868458661083,37.83251889070427,8.678659800989186,28.020747169055614,94.10517178163417,26.202185809597033,84.5637957265422,90.21925679430824,75.24825235051253,5.476263114816293,88.56363659136755,91.26740852590736,96.28488027488189,33.79676313025052,46.790668823057366,7.5683913890653765,72.37711917106428,5.209065902299004,56.64474481754019,54.04287096472422,6.413998518423436,29.111526211856976,89.5936839341853,14.606175970195977,46.07339052507533,97.34971070215676,16.52362849513508
28.281846346554563,68.21265167693886,33.76216936585358,55.24409145924965,42.32316897431456,25.480870195100636,86.5697018835141,78.19635435158506,31.572019381715798,86.29776313460803,20.371271612443763,59.45621226950541,21.196989388670296,22.48850896466712,65.20524422417266,59.18987766617712,5.75629670826191,83.05565602346199,2.7196122381743515,50.01404514495705,77.52178423785679,47.893836783830636,52.93167834961287,46.48798440776217,47.11412327164851,52.83094493473964,61.65650008126894,35.47986677800085,13.29247900266608,18.55371527951054,4.08883055161019,97.38186875609,11.005344833321484
76.7493238788504,31.01225752566875,93.15680830223448,8.378151413866608,8.176052604767259,91.06648540823734,24.715369765751593,73.79580206905648,36.126517486985,88.79383791669535,59.5236500884225,78.2308598308571,24.682436609944205,94.00826750544965,83.81097869216009,96.04601211388399,53.728969122465855,17.26249018537458,60.81157407764967,55.648319529459776,0.7877242026696374,12.868883457283298,10.919187003092368,48.27056955534784,17.06561897216098,91.8336359343189,45.2916611674569,29.34375538691428,18.008446223177298,86.8631991911936,38.403934048951946,83.69732251542669,36.82236928253655
15.056764533392197,75.33714405007494,60.492897220459916,89.78853659287776,80.74848745179699,60.21799222559412,44.31444373973604,97.81745147686333,19.499368673494153,45.996941071172124,80.07841493958738,95.09664849418917,94.40372050005442,47.12988644210605,38.73985827459522,12.25132510741005,40.66166613933111,23.20631613456604,85.48344174798547,46.10929798964485,15.79688722090361,99.8420216498411,5.987106844527734,65.68488887630085,56.47327959050672,13.25591614744599,56.18695441239255,14.159172800190479,12.16921613854407,36.31817951304623,43.93515168791162,20.345431408149327,50.69221377603167
29.914774222303365,60.07827835003214,42.62339178508455,78.3365441528112,1.4445127368884925,28.86798660388399,60.51869814920714,47.760243802710455,55.27358599654922,93.48023442311822,72.08087102701481,36.94583268008314,58.32052376982123,85.80891395941858,80.94061677750483,54.89326614508451,64.11538218606061,37.0910793991725,33.68753878511869,53.25058649006576,85.43342638266192,61.96392563787511,41.46739234339321,86.40228515870155,39.83459335697498,52.0427273724529,34.634744311520016,43.80316150018915,25.31016800496505,52.07430711078881,94.4287328911791,39.29694873879067,11.165863145148636
41.99728122598007,38.007010442516666,42.55823230363639,58.47946263868455,7.247574558456737,69.15961842891969,90.58753678454231,49.29299913032597,21.750105427796452,59.83342770508887,85.76203693051218,35.8677069146613,44.75731995687193,71.59830604795422,93.12968553718053,44.55989957806546,67.48663533132815,23.63410614299476,27.56212695040108,53.08908455640885,92.8186915431148,33.575756403308155,27.06988430213674,5.920263392132141,82.84482182519669,47.18659161828393,56.95013579328895,51.0058345579551,18.70376944710558,55.73492218377238,28.931669669254,67.09730650817347,95.97831481066363
14.889052489891231,44.87852909390101,20.71796110098174,60.80596647899821,95.58921552360486,32.95681004673171,59.417200565035685,79.08467256281342,35.02666985657801,14.31878259390118,57.11264589624578,59.48797115233943,55.89241605050995,61.0622912137036,27.424451180272214,73.5142904636467,49.25527564833675,56.289124759310624,73.05018314530479,73.8568366492461,59.25811028784527,12.58767806337806,56.17168274086568,18.56693394941409,1.3280989579604663,18.832730041921963,97.98738918975972,31.56352797404566,21.761430560516704,21.82915142992491,85.46761466129095,49.93977990949817,88.23621900704825
64.08563880813239,90.85908067283721,33.391742652097165,36.606425963702115,80.67089381385996,11.820675055596952,85.63428053665534,44.45402248891743,90.984221128908,10.445904394268712,10.46673645407521,26.58100098680527,57.43022065787318,81.85710864029868,11.36831481269226,81.37566346950234,55.80099712362993,6.405860113152839,7.938244480048273,5.829370272257995,26.57334185235778,22.64962348293691,7.001908351564379,89.85741073214167,74.54426526497076,15.827681272898719,60.780725724666354,21.54321956329265,74.07157459136845,25.863397048165616,34.55004986948795,58.00370665208212,17.49656389756008
73.13778764072674,98.81379969893442,59.543086159730976,26.13288227834455,77.1529427901374,75.88099070618487,5.994362947429233,38.86661929873898,84.531899871133,51.57889067762903,49.70238123882734,88.31204253254079,33.28374300996385,99.83769989039848,29.96348852122135,60.66102828090691,41.25513784608834,48.42207076040816,7.858266185321527,40.79702864618575,77.53181720304818,36.68047655739003,14.869087393582225,66.35508603888833,42.161438516924306,7.051130078511491,83.90320682850141,22.23647645355514,5.528489370649725,28.167024365211844,5.932750348271143,94.76139603641462,92.20884051291902
92.85445302242434,99.4223306808523,56.29550006507993,27.047873761499773,1.531284909422792,89.48045223710263,5.996804397653399,9.930695501512544,15.841795957413796,33.330352059093556,5.008943031681145,98.50838008994579,52.629068051831474,38.39070805166751,32.64359695308767,13.308264907826272,80.62095470305758,72.42221978472384,48.382055584559815,61.10887453919498,72.6531020994035,38.19969246402527,36.63048818223903,12.182110464521777,13.841530367448929,54.144723054590024,14.87061139683491,53.05421610243633,35.91243535615144,19.76699843858486,6.599286847544739,61.33936933571721,23.43480535459994
94.32196003474263,76.29687610702935,61.70723614737968,85.58144175325454,80.20968078443494,34.71032098358783,73.2892929399408,90.98034808111794,55.79190859036978,73.55174815144908,1.2521885193794824,3.0798045186405387,45.51498589734566,6.611527309785503,54.72334536671821,83.334343020651,66.24970528183415,86.38540767700924,61.5534880388781,1.4152524040978665,28.954868468324868,70.22191480265487,80.2427050721965,86.52024467096169,75.39774277340513,9.263162441372097,9.585075301236879,60.14222062659592,32.00273115247558,82.10661319617977,85.36203209794189,6.760666356933331,45.91483564464467
36.00882147331447,57.13006484969285,10.91517930761693,91.8263546369169,11.022702597564017,27.49598110843483,72.86449972636382,29.292735133445447,13.576182554297954,36.74779235939619,5.615312204714318,81.53698448654994,65.72982067068027,95.36582585881057,74.96114335531064,67.82784497600478,95.16076009662947,54.85472704200445,63.7282301677922,78.16557910918365,86.15967804577122,60.76834451879362,49.89627575964634,92.56291844330372,91.75632632385478,92.20456190349407,32.77393203116018,44.985399993904416,18.192880695566405,5.626754807593171,80.77028308732149,99.97985085537462,21.126939219853202
65.04819428895068,78.67513134198744,42.36496538988589,62.441829207533715,96.59983767713621,16.250209438862907,87.53311065506124,10.317607901574577,30.850318835332512,13.741982626849236,57.42643479705835,72.9106517188431,50.47385049564015,23.43739259631491,66.78502252296782,2.446396610109225,34.44882429451048,31.811662770622995,95.20187952955882,12.732310060676966,58.035921657161595,52.94375331686454,51.73355916498777,99.14030616004423,66.63345991732082,9.898290123279407,54.30916632395317,50.048120526249704,19.976265365109246,54.47677545526505,45.88398290196773,3.6780339284189334,3.665894915259571
78.5853090015053,59.30002684156008,84.86748027260707,32.78112090952483,29.400652384291448,84.34283767585725,36.21938173336675,88.63179651365468,11.42953066577358,77.78460009723405,1.4960315731448626,41.355960155898956,19.85363302073252,42.53810260946875,28.933203609826062,6.244264686312984,81.99615311162897,16.736119627332435,88.72731983549714,7.860553284276461,30.23477051208545,59.17339897142549,11.152948237923187,20.695845005837278,73.04603621653357,50.178141318455026,81.22471037490719,97.62549915712168,47.74497619553352,2.8717120941231356,44.636891368879574,92.69748067754095,31.552047131065308
2.2095434683385373,31.456122206497227,36.53903357642218,97.03841449307829,51.92217458666566,11.06149232256579,7.958761058371433,13.656278471362793,96.35389791659824,72.83352787902304,57.60104001666202,44.1746278112678,42.494848786127406,81.56320358178938,94.6088400349883,91.98370814727443,6.213866257670764,23.369983802915982,55.155039266609364,60.9613179688171,45.20169365768967,23.484046420065997,43.5331888580267,59.71774158997384,50.01376771886561,73.6948518055168,38.69907482234838,83.23177715331487,99.71178970158714,41.43372649020911,90.26778587650915,27.438388923085057,94.73245758575874
4.8465873973738915,90.60132604275765,75.41309971720239,17.427272228605638,95.78164027415147,97.39210028960254,6.677367503645026,68.05016748593509,37.61037101953355,88.6438664569755,0.7184454711491761,74.10277551006237,12.716334275422291,50.78542721261984,65.31880194191456,1.456945073367777,82.92402262639455,33.24609251183559,45.254553549370726,52.534506698186945,75.270587750165,80.47509977711321,70.84992719310979,87.26852402380986,65.52447965770772,75.39138467871666,3.023264531119796,85.31569656142386,93.72787402091875,0.8137981685036211,76.36134603081089,72.41491800300714,57.54397042928841
21.838584779055793,18.022965559563243,45.65780703635184,74.71681659546955,11.535147831295344,10.644242333208254,60.71258549092345,41.72522817293722,5.38978104799649,2.1730745859015244,14.739128552611547,82.17324988899061,84.39498626598811,40.92514091147292,64.15219882470149,97.37863929413683,78.36059521818167,36.863107165878674,13.044857010156019,37.870320153532255,5.838281518543342,87.67856480069752,66.23959177180286,62.872598482282704,7.3592556920036305,2.201232035228351,75.85502800139024,54.55479735419429,67.37537699599767,42.41292252995284,23.114693661140972,12.214687798929614,1.3834700512738163
5.375367128373032,76.90541217769658,5.914767744631499,1.1830597768592743,55.938406550560174,24.70721475150761,48.85787101293081,66.09123717202347,6.13532287610894,64.97563941165731,93.53539182032226,49.33739501207661,69.54009033563791,61.5209554773259,32.47309069370864,29.387581000449536,7.057602854052392,18.16483289189732,83.83379033872687,66.39210806785267,88.77682558717058,40.88028558520854,73.04680991924556,54.75141158250105,35.93985186200074,61.47694717862766,18.98963660641879,54.978046516294924,57.240115657166676,39.44059017699757,65.50937242083752,51.42910285175822,71.36461191258388
10.125852351321452,76.2243371514095,52.48596537131854,70.03123797305463,52.15429774290414,59.03419370966325,92.67507766959817,73.56757559348522,49.83565552389811,8.537456690493283,51.72516724533216,96.80686694450925,75.590370658336,94.01441863585389,40.72631948581016,25.02673812647619,40.06783520490072,46.98039561541469,36.588539981997116,96.0016541397657,29.820650195298292,7.732337803469447,97.41274691641446,63.61680171260456,88.77162177251338,6.5754119870027665,42.743227580501596,43.179378053918846,86.41076832853686,4.33028165358823,20.549552367194057,94.02360411428134,92.22505961039771
97.03353862671294,46.044981914457864,13.440623099117555,10.886066032865338,56.62880691873781,66.61748846978148,30.97633889391784,10.562025759947847,27.576924319660623,23.421321010296136,97.35871033283009,45.64587288823439,45.722342841595086,8.95962737302466,46.385218878318405,53.904856585613224,89.8997385340328,60.9447556570521,48.177697165875365,87.2699722703684,58.147555517118356,37.28669925811084,36.88430267619955,54.49100164477003,81.77677214680398,98.35705842606126,50.458469278743436,33.12213448232897,30.456768634318244,59.11660934352738,71.76929835970756,45.961937193320765,26.29817629652559
77.6520977284946,79.60393217697167,73.55223176618993,28.97780374230625,78.07769069960806,55.218819465126714,0.9249376480612748,5.1398804456159075,84.6417684228438,47.860916557046366,63.758003253748996,10.964762899136705,23.059304710795825,57.04433331576567,80.89489155781767,75.59208284514204,68.17833707094722,41.59216330954065,24.564816850325812,71.87031934482026,37.94795576307269,21.69439586476041,84.27407126011558,41.103233078073856,87.83872423536837,76.88397926444101,24.20916963602253,13.499184733184821,2.3731133493534506,69.93524029996408,98.35462444043436,73.33035053334142,86.01081816574988
82.77598124549549,1.1216807385705074,45.24131952067234,96.53534089240857,21.710749843132582,85.99846440099833,45.63221441557601,98.67926259722117,91.10436516286757,2.367868763070069,79.02819770399357,7.239586211218585,89.57757712613414,40.68391434963306,6.792997826677483,32.20772011450168,66.95112966266508,69.82386721351749,9.128468477298712,52.73206703512706,30.83402410810583,7.372841766368287,85.80586946716078,11.534696748726992,6.876184425719456,12.12264285559046,99.81437941861631,25.711668478396486,30.548540981931904,10.248784490495533,61.625946063993986,48.01870635286686,15.610981342643049
31.94774411534049,85.01207622267881,84.2074306556636,74.5212869363758,51.2233876988643,53.784937720821446,2.644084840856731,43.193581509897975,0.23934164730184948,63.76463924587933,34.597135052755505,37.0780543461597,1.7828928989391812,31.768787953945854,0.7885612864188762,85.35713946687845,37.02825948195198,13.58172741857857,87.39661813210888,49.915677134991135,69.53091163313235,41.419474271269216,61.59761532362956,11.236053107747356,53.13437381838625,7.850618897662553,1.0957135556043052,12.68405737846362,67.35288522225818,7.673832359038513,61.00353222784365,91.54033472455887,95.90784365623499
95.03257742064437,83.67802282961247,3.6606106565730157,33.35307124977388,4.490878903204843,96.55749116400223,52.56413844434075,87.47088890317522,41.2096877889087,43.45988540821036,33.15334818236775,22.118336850028964,64.95047320745442,10.690311521444674,27.279821910404255,80.7629242381622,33.3951953328321,85.18365292592588,61.95131791999652,79.99621597317558,62.68514186501884,57.98319627238428,96.19143183292506,17.964885024347844,20.875789591252982,90.12359083771806,57.48085185642719,89.39584370489364,47.7947283160293,73.21533057943329,74.80702174963405,85.3236284736699,88.60670928395872
80.89219984916448,96.79563868148504,52.43372569534499,44.41749349056894,19.743831219611472,53.60739101963923,24.97940251666475,14.36563206007021,65.53206521967974,97.046705027544,85.65382823033907,27.58579041859084,49.95059104252796,71.65871412045219,45.202967795721385,55.587963488911065,17.86497700752159,20.419496499345414,43.72403048885277,0.29105354042174847,5.2208278702387645,66.44478572666914,25.51032653536769,61.226686888322526,29.4455848016947,37.95104522474553,36.64241192458727,35.10134497978342,43.637191433627386,91.35063874860883,20.923319206809943,6.473158095124065,66.47016317606327
12.190283512267165,20.467840289284254,60.85290319714455,48.37870519644516,85.91257820554529,57.543839960559936,72.85684706204299,10.64549081934164,74.60227497968287,98.72715755868832,20.192308001719816,30.099334889460284,46.00706544912552,87.73112901725528,45.512191787222456,24.605633278223817,70.41766691793487,75.14040706911538,33.98780221486732,67.0206598621156,33.01085063104845,39.405763791636126,41.596450423793826,75.23573476180708,14.767695902991196,37.97203875145381,95.80561452246494,35.60481151497762,8.263003953340464,90.40240980187845,39.76947206257946,9.264091917415607,22.275878095273992
7.8664411585182,7.271819013652003,59.63046091971099,33.86621863659519,56.00057385367023,96.4189419637031,57.634512930939785,47.54398076977072,9.121431179618556,49.27781269701197,17.587715973714857,43.44177345371347,53.94144084574296,82.05245422089997,21.381841692227475,88.54472330014767,84.08637043030986,54.613607693231636,95.84416635769907,84.18208970630347,38.346112606015915,18.803653007976063,29.863492483448127,87.72843907595542,91.84825594233106,50.59162234922812,68.95773789729671,54.03334641698032,83.31045508739156,70.01634312791515,5.602919059311329,1.7357913603007202,65.70624088629154
78.49272863941292,23.41518762325717,84.61599683538256,47.732101057284396,47.29457384065174,94.31508597352098,11.198617895350049,42.88014156290898,77.32274775805533,1.1516931026035016,95.24823132469022,97.80123924333346,4.852125775468707,98.28448599510867,39.54497784109149,74.53376796493164,17.360343023224733,38.10087215460566,76.00274871847034,64.66207445396961,11.11403779477953,95.66933865173749,66.81277870620264,17.03457932244097,70.86598614210175,91.28640834664263,10.0792577572258,67.34879073788764,11.849156531636018,47.05371536172077,35.172256903776585,49.532932925250975,33.8068355373238
7.263651747133338,63.60276036655434,73.36585412007821,46.43538686033114,14.463956610477691,13.996739331696496,65.18141924239858,4.772320398290142,98.38718414663005,13.027795172639667,56.561781864762274,33.54779914453411,94.39767054720213,11.480436120867632,27.860845075185104,1.3783814292658958,12.502831029357065,68.45552001583658,10.956610192710258,67.79775824921512,4.802889679792688,21.146487128033353,12.181694355240191,19.161627463101418,11.586942574269798,6.668378761066496,39.80612187731315,49.88055773527452,23.157013530601656,30.898838889994273,8.533357654225837,52.829763267594984,66.72436380923104
86.7480626702877,53.79066127615724,93.955680609801,90.2443588019256,88.98413882067193,84.7599202611195,46.238380529782845,33.88770910303401,14.034074327315372,25.545979938757224,34.404108416347476,91.68735669808214,38.14251914536412,8.894692839162799,49.81326110159018,41.45307010032519,51.87812733144278,1.3450812711486848,57.81140124318325,92.02334190674787,82.90839167635694,21.482562022427977,61.49864359252152,37.1153751881782,48.885120946644875,93.26562527772691,56.66191282608053,15.826479563028006,16.98429029006413,62.5403920729196,13.922136117490059,46.00305393695599,9.013076551868092
11.317178910728199,65.24291982546686,17.335983012621693,75.28573800040186,84.04174712677577,54.62137513140668,90.65095709450773,59.277913618475395,25.079727275051855,34.6923037815255,28.143094834489446,26.051512197973636,81.37166569799892,67.3102385005694,72.31552325324076,37.62669248782934,55.93207118080764,63.00182810892749,78.66390972347335,67.9864352985927,59.331865637725045,63.64995047650166,23.754424176383935,96.9654537451014,48.58719967534365,65.01052844850722,17.864971100803327,55.655395288938024,59.45084634614671,65.84828625577248,58.829192663018524,31.171858717183987,88.37554277015364
3.2054410443628,21.515781501424268,46.84922399615154,87.89586388610967,85.85877404443549,83.8662316624503,62.73278839068003,96.42348211519788,55.87704968835288,77.97112557089275,98.59005357386359,86.56928943619522,20.595368871723075,0.8036939653288111,11.77534138127857,36.81732842091412,73.05043702771496,73.98787425709475,64.55270485674603,52.02851061696996,41.89314123157477,31.040345140308812,53.311574860539345,66.02849657330125,73.96105768352639,39.118597086438974,53.32165085212952,95.60826644992738,29.210631638026275,74.70494893816854,88.04063374697961,68.6090422750449,14.606997815505352
9.552770027134706,95.15332342717898,36.3814204361512,25.385042026785598,16.778465398079224,52.76310066565013,86.5130930808348,7.221454118540027,99.89486324498625,56.129919195614434,85.63746687521194,45.117579084283186,87.88890190393927,8.93177366254786,63.55724862323292,74.28442165113505,10.979985943910652,63.77761728673266,99.36911347740693,93.76004184485706,36.036553109650704,22.408049357411,31.119977232168374,54.49108598129182,51.743579404142395,86.66326630174048,40.16352339488438,66.11007120625905,54.79919744137731,32.71136848596483,10.952650114325458,65.63856451284046,64.96599054692564
41.287625464782074,44.29827979822407,91.65244159766756,11.094081468225525,55.58326343280232,81.7950561813754,57.717632772408415,14.434926959643214,53.974410916928775,38.38717698885347,47.103869183528836,50.70264027355967,60.195164157668216,7.667688068390321,63.31705981534108,15.7198916494261,77.31710415701271,96.86225887640701,84.83252236648758,90.37958012447983,22.096520915642703,56.57879605460564,69.56802598699298,52.48667321950972,19.46141339526032,85.82851766242057,61.34436880221919,93.39548354881472,11.028095389595716,5.928754396155411,73.53901515169355,69.66975190628901,94.08265196811358
26.553641532393847,22.715792801218136,82.72298367992,7.801196315607262,31.560276868249794,62.3537045724092,95.92453405121935,46.23006784903466,27.273659101652513,81.54727250570153,18.848331517034556,52.84532586836279,97.72574222942839,68.46514390135107,78.76956060649741,64.97875243081921,78.72627626667426,42.69263834457732,76.40624516019116,29.995732851327627,68.87877755042379,2.9174113171176574,13.560974454841856,67.73505954101547,12.091898513062027,20.378908267887354,18.13677231216183,58.791630720883916,4.8924172829811425,41.13703673335502,55.11733574334466,59.060608807590874,49.65734171904123
21.731963029637026,71.9673175669713,28.787343670659837,97.1914535128014,65.74320891021857,29.768273703691804,19.643988917919597,83.65578529338906,86.5060740700112,5.432416799436901,59.03733416070954,84.73412747607895,92.0427550712429,39.99418702981009,48.62738140871458,85.99687819390722,25.615267165609023,19.977427914243727,20.474254648407676,20.592811326428272,78.31710807840079,16.708394073994437,78.37290956697306,19.76284154889164,93.73156676941205,64.92302147784088,89.91850183740495,14.749030829253151,61.594460700433494,11.181606773969143,0.21290056095623067,65.59244818631298,80.73769639009633
9.381731486207245,73.96532244912586,87.26691199194737,56.66973057201991,83.07928019392685,20.948613530330707,64.57062354854719,73.36679959743199,7.537319464330084,58.398575682077905,49.83729559710923,84.59313320650993,85.36392736136821,56.85256359570363,52.12893075265189,84.55950731582725,85.84170416929497,14.171887102810077,85.78878878145251,45.03307528931113,4.956019188767014,89.20185652436827,31.880241554475052,42.76191723751674,32.42258408298697,99.50091772192701,42.75427465006539,8.534716236405393,30.08831328109106,9.340979355616497,95.55623750600803,14.474014687420745,15.418832579346098
36.973321436788254,32.88423458445393,6.967958294401555,97.02912834629178,22.06194240875029,61.83637225177927,11.129415110945073,79.34489150251505,42.575484833032185,35.24966965205222,92.90291651087071,56.90411422365277,40.70878374968059,98.46542202069479,43.648321367476036,20.282680334442528,56.37730751945917,83.80477578307767,79.7008899102763,61.41723952660586,80.03274721488096,38.53226575177173,33.02680847164024,76.96774566158065,39.54563796688545,93.16376991547564,60.19905581128756,76.38457373093556,32.56610239246018,19.52234797647473,4.608307144910173,5.3992415400448746,31.52991900740314
98.76440626981204,14.542691075527026,90.71599802695647,38.005710305839244,50.670680332815465,41.245416596984775,80.20244279467823,89.20801471926039,23.969504985348667,97.89055582972355,72.102437071517,13.315323890095055,38.30479009614185,26.66405191001713,36.82178873981825,63.06160911105161,80.9680070022641,30.92659451276717,13.64137136611342,62.29138898057385,39.78331619223674,52.26999257768483,77.13502959084992,95.53519779356029,72.37976415672111,58.55124887444031,16.182626399083045,90.31239925727728,82.5132200669484,9.728391591864415,6.030761940936513,39.525751830554476,71.96772187287354
28.350342212322655,5.896209033899513,4.965855915788708,33.15893800378619,69.34018031264945,12.91454344968843,78.41646180918714,98.72785409968066,46.611396892617904,64.77556040518557,92.60941214976923,76.98713205050667,39.595805813338444,34.22168239261195,45.427047015105835,82.81528160279537,65.29439221876736,5.598192519367162,59.596973945253126,27.177549304600024,1.012014433551689,80.34680880182002,90.82644303667419,74.45446702217282,14.273049826208073,15.86654878211472,69.80924687679786,88.68933101523841,22.344277079155393,24.247781448457552,51.17498590237464,85.58153064569836,64.9390517540862
73.70570958023397,85.92451374784595,65.22791072050038,6.760333709121591,24.261624347631628,6.831026725269429,63.0807876875932,13.785980971365753,41.25536641846078,36.6339088219709,41.633767190556156,60.65013606126482,66.95316382872015,88.45256219967811,70.93920219382406,2.667673247199831,14.584957670630693,88.59239287354659,39.666947834385816,6.000816650490126,16.827815443390335,95.11009873798953,99.90972517018969,83.2474370299547,47.034284857367496,98.96660354330342,45.01510694461105,72.57947417306555,75.73533464635265,86.46123429764866,46.91733851361548,60.4446878627412,14.501707965763465
27.2218483202574,10.444381265625935,86.88051301764872,31.80306505605628,6.6555237950817965,43.98082103487076,56.31216397225059,50.89809653986534,10.207427026323279,39.84398064787694,36.51320926771441,93.62902103242584,55.51287078841922,81.90488027035289,69.42145219333928,56.18209174647673,61.619031843367885,83.61180111028892,85.38640894526634,89.89221370989583,71.65849484145825,47.48732281715965,4.0500673667122955,72.50078466584571,72.48963798113988,28.316692378510545,76.30484578575604,5.029970713084908,53.84654181495455,82.78398518069736,26.37810506537268,46.69769056152513,79.34192283008326
22.97888319992768,12.750097983467146,17.698443968923172,94.62716815253289,90.50319223157962,96.54064029846721,87.0625953260162,72.74225936317967,81.80097173427984,39.52014593920343,68.21452232883118,14.272548360612515,99.20153036796562,56.05216664536079,68.91305904177966,35.61262770554722,52.278911007494465,41.92953205771561,18.49949327839179,38.288007259408076,53.53327449051842,55.638488356576545,73.15310183882897,18.680750254301504,38.44378562273978,37.27038466136783,31.353544202401075,43.619340920213844,64.0142829875939,12.712460726765684,65.6193229041061,31.35811056293363,23.972005171321253
40.708908828657286,77.8300061991858,21.706680921478917,88.46874557341735,52.37591177105001,70.65494792986782,78.92707351106398,22.992476785885295,51.245578542368996,68.35682800481003,8.542717011432178,90.33516645391622,69.05451050001349,11.940424340560984,17.050705987578883,54.08443391461959,66.6721845337185,20.971217730050483,4.992473547217447,64.05179796307755,32.57499576336175,42.26900893373211,28.64057671845528,73.08221600577994,59.19752683263365,39.83486678107313,28.717822781080727,18.01062344953387,72.79927473411959,13.132918073366351,44.62790150404565,22.20486452876861,27.09054932291206
39.97207519014678,99.41834613231384,75.1207134634276,95.88607016055134,57.814505425314344,65.62853420839498,51.65723522890519,63.89944650986427,29.49951994544382,47.20739375445262,85.46644274327977,20.120650260479344,26.499386825863127,22.103713223511946,36.47328983798036,66.03535449385993,88.53298935205866,51.27546961825868,70.26895871720961,45.96664522071093,35.604217311401854,77.73220591023808,71.50444351122735,91.29816397507027,33.46635453782692,88.26474685306415,99.8963793562913,46.29923544563132,10.319905398573736,78.37516015495855,95.84371911401315,40.82355497151302,91.51295906094664
16.901317869990606,42.715517546956704,6.810199185936561,6.469500904587422,62.684504685445496,50.20956767378967,51.49883215495527,53.475382690484984,51.330580142320215,76.90315150619044,78.10690937155485,24.109425698593668,49.230211547211944,56.40799990214496,40.8045841703194,30.464599889256505,8.575307026424184,35.452528883690846,59.40236589106587,75.97613004871876,87.46197465186467,31.5482645883443,70.67011226271241,92.63642738621901,7.105449734838409,54.19823657893114,56.566322778514376,37.20080397735541,92.93798297479556,99.18866644106726,5.870665147526088,17.76294194539787,15.485240824985347
3.452865421560003,43.54396965432272,25.00017253060822,50.67148414375466,79.64375074307114,51.406543126588055,15.856635627190963,24.32679819491671,99.10385837529779,95.97727903086533,68.97951785317176,97.77863634018034,38.583167249767314,2.5352795252462257,82.11783873363345,92.7759745234361,93.09082681594722,36.379122675924734,51.55785820268236,70.90679332332718,48.22824556742384,6.159448162951831,75.93208209320494,45.142545919368835,27.232933010985793,66.41741192288507,62.12629515839381,6.909841258988692,38.10359246439599,66.44998185930012,4.552538057930411,63.721875483439575,4.493361593808897
7.607853087036808,22.854933456297843,40.90444073714572,74.3186562096995,76.64314767902978,65.85073534325322,2.1318887404088604,39.081640232542384,13.211937518277573,71.56986014945119,84.91438239185094,23.475454770013947,80.19428412601846,38.194830228356366,48.370748725999746,54.62778236905761,37.332989619522884,62.53046848793352,22.823593971401145,4.690798451635125,99.38686390050438,27.445355835630135,54.05225487875547,60.730811212011226,13.955791841750143,56.7627103965257,86.7600727959792,79.08415663631516,73.97539347662855,91.29317762814291,19.013028194665715,5.81103947874364,92.63963446691209
27.311655171790605,55.48464770046216,50.71210475796028,52.21383072681505,24.661995148368064,89.2294429727346,10.841476978186758,95.53024055495636,69.24750634038082,7.165216118421236,19.542565794265197,62.29959342133059,73.21321422395584,86.0853846055815,21.094191047787593,40.813781638051736,93.87626649706331,9.386706288777791,36.7026684202894,13.886422641227803,83.4100740294828,59.90194431459952,12.081567710220476,11.857448386427016,51.31195850608715,84.34264197703496,65.97135068352,23.18487686121675,60.120946423980705,78.31824796546276,95.05920622147755,17.678978941417256,80.11392711710371
83.28072992377906,99.92283347899588,80.763957247122,85.84266993987968,64.11545351071169,35.867345081655124,34.15055029955434,48.1592522751763,7.6701619192921395,22.785366392385665,32.782717252661854,7.360301650553646,3.571763003565509,21.969904358194015,84.51986555322073,75.28124334766932,14.621457411579808,64.52202802972586,68.26366881317817,0.8114294198674821,72.35130034891048,43.897977421237464,99.91616052933206,48.553735537773846,26.887852822482383,60.24004477476961,76.27637846881586,32.652229443614424,43.58590013518654,65.45361107682024,68.13318943410542,82.05293060795748,1.1712942587657316
89.07414843967338,21.57378438799089,19.88773992036149,39.330937400480245,80.5328589852344,6.850026206318294,20.439131765959296,52.060829972470714,39.77761444559078,80.63426251311328,32.33505029150775,83.56611989788043,36.28387193300158,61.37360310185043,92.7561266111644,21.503439882927612,38.95979830485733,59.90366457974691,59.13216995188735,88.53882971943175,8.769313136194734,23.343309891626586,92.41530196147015,38.31928233387233,47.3975927952378,91.02694716164955,50.695368418634544,57.36220903506375,23.656624174400097,76.39079278075788,31.22512333231552,12.1299702758909,81.38170202540144
87.81996300916076,72.44515652217304,86.94869926259344,63.05804400078405,46.46954780021613,85.38279216168523,58.08644058636418,97.89916219157688,24.32684078485846,11.703303754863404,1.2130976509536873,46.51969871717312,61.83733403587893,33.639456020220734,28.08700035364119,4.667933757614662,63.83838374454554,81.28811848670416,70.16667948419837,19.20755525239164,88.34364757060715,47.77902887601625,38.388436837629136,51.45908801025227,65.82270991448081,39.698610628697196,12.944115514897558,32.60359408261443,43.88911504858367,78.07896094611448,65.32172572879762,78.81393123656602,64.23245355947428
46.644742492851265,6.484595444260943,38.6817087286923,73.73319438312672,68.84377846294998,84.01141992904284,47.8356380708037,85.81583602383664,68.2720493367085,12.599412841616143,71.44412904199052,63.700567965862945,96.02403634922543,11.824788555147492,29.49749815663647,51.74037014576248,54.86509087154351,87.88451537909042,25.871761281783733,79.7843078977576,67.70407810626925,21.429935925472343,67.09103123422156,71.0025693661164,42.083252020523744,45.151344579919574,33.87768697343559,63.826369198605725,72.59403619173426,75.30678080690473,12.92592754778672,5.155087187690244,13.365705276616168
47.09347268931487,55.71031154111786,90.20832197588393,19.079145904420024,98.92700312245896,90.1589115284682,75.31046469915819,73.86121244651163,20.991838446877665,32.23035464610273,66.19080452414723,61.235653580828156,29.753249060976362,23.9701411976035,92.96278943968889,78.35717482145947,71.28765227623076,25.953417533483925,28.122750595079925,36.39744484451801,29.50197888796272,35.615576314050976,76.34002276499751,97.8100662460019,39.14508056067323,72.54896181129848,9.020642606346119,69.9992383034084,88.2022378220626,27.779082842739335,46.14294676453727,33.293097165176974,7.4589050002993424
21.981872317129934,96.45756525678144,88.32805178719926,53.86708275150242,73.2446329383201,79.77880576588478,66.47383387602889,93.85871889739865,11.690907767990977,49.35622746191197,85.24979637513049,77.77272664531034,40.06683682867506,63.07460185988505,49.1009023141886,15.648101808705373,22.661041898971668,9.817454670713543,22.695948768028927,50.134027389493866,26.092266307883637,56.45453049608711,63.83888125549423,84.84581125606822,27.545700509433058,88.99455148178164,27.706589639023004,11.038587522390998,5.895210744972967,83.3252179679561,95.53192299490526,34.28151093706402,84.49434608632895
18.1703266134122,12.101665891534918,94.78386548386091,25.396750095008414,13.55259141052092,98.6515543771711,47.08424486268194,67.34286875291235,72.00146648350575,73.77068257865001,45.053619842649205,42.906438631923564,16.853973931676503,4.994739583938834,99.34248259091116,95.65316538754423,14.155794599425375,41.5857931412851,20.40554998834422,24.845666217012308,76.59947843387609,12.386294909716721,98.94108440565668,62.856941894165786,45.79931044871937,56.855252585244585,58.427769932855654,52.64193801264331,10.127771428511013,97.27499268842173,9.032912514772374,32.87650830713319,9.698345551889098
85.70186035480233,40.88586583117758,49.375972004187474,30.895467881599004,51.55951115445957,52.008688255800216,46.50321625678182,35.11044246470454,68.40051883546147,17.91835977144729,99.11777853090783,25.19696881984663,33.35379167164027,1.2730916391274438,4.297775977394725,43.7576639991273,84.84112889037519,86.69521202381159,57.46483674769498,30.032839335099936,20.159246329838798,14.442247120085606,18.930311604081506,87.9553385589788,53.8581656042721,93.30882245718743,36.25700728060342,79.6234836327801,64.8815489225371,93.2719360311245,98.06099492175981,73.45230405559022,28.518502620794084
4.205986079760871,18.14380451475054,90.58663707496046,46.374776033430074,13.445050061449148,95.86361966661589,28.46738886997381,88.09664407142873,71.15284225168134,35.169729274798364,34.9877305514793,22.894508217314137,75.98154161191384,44.697233447604226,13.25163461866834,53.12138338651352,55.76112691300488,32.10931386770076,88.5226413496581,74.5882517543077,70.70047420534932,63.76685687636062,72.39196913100821,97.84887793176928,32.48424097441202,32.960658325394576,18.593223055256125,19.846178393744374,82.96778339557105,77.89390609825718,74.99518535056144,41.392489745391416,28.44595371266525
88.31806791055438,95.1155247498513,13.494819131343661,92.55578127231412,45.88779809844482,42.45077621804209,17.430200641600223,89.96390730843179,42.20383187711367,71.09155520354669,15.318237423435654,94.68729373174554,54.67403546058597,91.96500495650334,68.48761748431383,59.75772699467973,47.113200275571074,62.35786431909296,70.49576301458704,18.533913938695324,95.10130463187537,36.37006052758633,74.43110516172746,24.664749379069995,41.2942320057511,22.963400572472857,62.6060529121259,64.90789051899067,77.76586319324863,39.69945465603888,94.04783589945947,70.0983639161795,77.30176046077564
0.03886839508694395,70.62713946170456,49.008390171710424,84.31286011726539,74.42762955896833,3.6261565516133576,56.3699668255242,10.30517891595225,13.06888053151879,80.60644547583304,48.40749453937057,79.92171374330134,70.02772565866431,2.337082341395391,19.663971228084563,74.77753529054976,52.801876606024145,8.556967395167392,33.144669872219815,49.66228529299619,95.29879245650143,92.8806482062432,91.908105386075,33.34454535374909,41.48787728191786,9.252456246433038,93.47089966812065,73.70808531922376,6.406275175057874,17.020746646752507,52.42177047471298,21.891847976880786,55.53964752655271
18.357884348433906,34.56246223919675,72.7826577856351,65.71620205391193,24.741511206958698,72.04873563651421,93.98717226844943,30.715790129051445,7.584829164404394,86.79840190643388,25.65685080601644,43.69501655253416,53.55685792717815,27.863036031355126,86.34147387303898,33.53309744436683,20.136640130882398,42.880405524430095,32.83367362936877,94.35646208858851,37.593145812923424,31.683721872350123,0.6935729557274728,48.312880370878894,64.58995306616161,28.3534455169118,77.66727481334557,46.062747891984166,24.98084744385697,53.89566198982788,15.525714672495216,75.68375295026985,79.28839422813681
71.36624351650302,49.64263567242102,56.12689549202648,65.00382883470601,62.87455923489163,49.8963550806159,89.45961407834314,1.0213518042922032,2.430634705290524,56.918432689060914,15.700320109123,65.3563520631737,78.48483042381301,76.99313262239505,92.20991237538534,9.89866598116147,31.865126480657292,94.24578714741824,9.387493273461555,74.97140879951887,88.04239333997404,24.85988688246097,93.66531729500535,97.02798203900551,41.5462320589935,71.05068101874681,75.0928267617964,54.754704524949716,3.9981499165744894,58.10939913007444,88.61890188461462,48.11944410781055,80.58363744025112
71.28351679341684,24.045875128866978,42.957380711738004,41.4888017338702,81.95390118176904,47.87625287699928,40.97532089894423,93.5782023111667,80.31245472792257,27.47487937897808,69.4074709179493,54.04705925419891,45.00385424497617,92.65688913361431,27.651098361489947,17.567086820192134,38.93764980912332,52.191098937713434,59.82109086487938,12.955847096987583,55.46165096430716,93.8832682031242,15.655431111570318,95.845328696219,43.763589892707536,24.11304820710084,89.58121138455861,76.90009291093287,78.81075405311894,79.75792988309136,6.355429792390299,59.03481027916996,18.921440740516427
59.33033053702616,62.7834525825458,49.92053943377388,99.96744540482247,12.404603559124228,71.25437324501365,86.71582287830937,48.32702974115109,92.81780646866261,16.058193671958843,47.83398160744821,91.70448606878782,53.89726658874188,61.72107610093052,96.48371270640658,66.50340786035571,53.913612521415764,77.04952867994007,22.89510133828987,29.6353470390179,54.49979275290266,63.16690133297902,67.29794059341258,51.94951722400236,37.97423106374473,33.882264750230405,85.0297809226699,21.164456893345307,31.645439484128968,27.742364769721807,65.4181197828607,37.33356207667732,81.78175991351499
