Ca,Na,Si,K,Mg,F-,Cl-,Br-,SO-,Li,Be,B,Al,V,Cr,Mn,Fe,Co,Ni,Cu,Zn,Ga,As,Rb,Sr,Y,Mo,Cd,Sb,Cs,Ba,Pb,pH
3019.952488,32970.33691,1.362058287,3907.813168,0.13380528,12.24,61898.95,171.04,126.59,193.8394802,0.0001,39.70406707,0.013345214,0.001280908,0.002296025,0.048657011,0.068054939,0.000736704,0.00227502,0.007928317,4.241370331,7.71E-05,0.925665877,29.0626102,444.5333897,0.00308404,0.005855365,0.001809722,0.022432961,17.71209176,35.67165673,0.212553963,10.45
7092.400932,28983.59756,22.35310748,4145.660019,70.42821497,13.21,64017.06,176.37,108.03,200.3343277,0.0001,40.33178816,0.0005,0.001205671,0.001900899,1.560240182,0.143978566,0.000577685,0.003290216,0.007786321,4.351518184,2.50E-06,6.628219383,30.33197055,460.8126261,0.003555927,0.004643371,0.015087544,0.016999639,18.82890068,35.80034286,0.010528633,8.39
2948.325062,34653.98941,1.353627769,4125.908947,0.259872247,12.01,64040.06,176.08,107.15,192.6540076,0.0001,37.34527936,0.0005,0.001008615,0.002868367,0.03304074,0.069044205,0.000243229,0.002147666,0.007917712,4.325650378,2.50E-06,1.409808605,28.33475174,421.9459824,0.00307675,0.003934927,0.00055222,0.007486241,17.56319856,32.99690925,0.013244294,10.49
7201.24054,31449.17679,22.32812047,4495.01524,68.12074631,13.43,63748.38,186.6,118.24,199.1880849,0.0001,39.94800538,0.0005,0.001327711,0.001498022,1.295372449,0.04104279,0.000502635,0.003472607,0.009160625,4.332401667,2.50E-06,6.614244605,29.98216685,454.8172839,0.003353851,0.004168443,0.014441295,0.017310723,18.42962371,34.3438618,0.008445318,8.38
7418.659973,32924.45068,2.463400271,4618.937016,1.349516166,12.9,67035.42,189.58,118.13,196.6676236,0.0001,38.45737108,0.0005,0.00137474,0.001856961,0.040856781,0.046381761,0.000479026,0.002905661,0.007607746,4.214207977,2.50E-06,1.841386461,29.52569286,441.0235361,0.003383391,0.004635624,0.000672981,0.005912056,18.2717679,34.11519209,0.012065347,9.91
7123.661041,30637.9303,21.47555128,4351.508331,67.08042473,13.36,63479.11,179.49,109.5,194.1938655,0.0001,39.14491163,0.0005,0.001290706,0.001544789,1.266504779,0.038338426,0.000516668,0.002881084,0.003947945,3.915035014,2.50E-06,6.268407568,29.02123609,442.0159225,0.003202701,0.004042862,0.014904926,0.010839523,17.94264561,33.88330132,0.009080583,8.41
7538.022423,32236.19156,19.82721314,4594.247818,67.51619428,13.53,70169.97,190.24,136.4,211.7545157,0.0001,41.34097684,0.015451124,0.001204728,0.001253919,1.006343611,0.077053014,0.000569141,0.003382394,0.025801282,3.289779178,6.77E-05,6.378295784,31.19708623,484.2212558,0.003302337,0.004717175,0.014981773,0.010959814,18.82050596,36.54672407,0.047244711,8.49
0.179662788,42292.73376,4.460945353,3825.829697,0.069225649,0,60598.07,164.87,100.17,185.2044778,0.0001,37.8839506,0.034081199,0.001009081,0.004789542,0.023972947,0.093183829,1.00E-05,0.003144777,0.005810894,3.577799387,3.00E-06,1.720214525,28.44778493,421.5477191,0.002793656,0.00437391,0.00090555,0.009971177,16.76206875,32.67561819,0.04352479,10.71
6679.797935,28432.84378,22.09036723,4083.596706,64.25670236,13.27,60060.65,174.07,110.54,180.4562779,0.0001,36.72130596,0.0005,0.001326913,0.002093211,1.43103202,0.067177176,0.000499679,0.002950021,0.003619509,3.213562794,2.50E-06,5.888587046,27.0627869,416.1981293,0.003175372,0.00397058,0.0139415,0.010099359,17.01335686,31.49175283,0.008785584,8.44
2871.435642,35331.44531,1.325833797,4198.049641,1.005870081,0,60464.04,165.42,102.94,172.0680924,0.0001,33.82315592,0.0005,0.001578289,0.002762757,0.004457211,0.078642924,0.000226844,0.002045386,0.00372993,3.114955051,2.50E-06,1.240427013,25.83079365,386.1704691,0.002795126,0.004216027,0.000472211,0.004798056,16.06093564,30.01471672,0.010919864,10.5
7532.48291,32252.38724,26.8129997,4552.867413,80.14782071,13.47,63924.81,182.66,113.09,204.7638554,0.0001,41.00882511,0.0005,0.001203514,0.001283237,2.339319063,0.036952075,0.000638345,0.00264713,0.00381421,3.206128852,8.54E-05,7.280095828,29.65975793,463.9156479,0.003495559,0.004625723,0.018307247,0.016969799,18.28347539,35.62696734,0.042938543,8.41
4052.69165,36286.94229,0.656113029,4504.275513,1.02E-05,12.24,57347.64,165.62,101.42,186.8989814,0.0001,37.90479881,0.0005,0.001150388,0.002243676,0.004030793,0.035230815,0.000271107,0.002616197,0.003309554,3.173677479,2.50E-06,1.216826994,28.56670363,418.8653617,0.003321167,0.004046854,0.000510309,0.003575031,17.56673666,32.73755896,0.01008654,10.55
7623.799324,31891.06522,5.352316797,4477.267456,5.938979611,12.35,63265.4,180.18,106.72,182.6655033,0.0001,36.35000658,0.0005,0.001206989,0.001749453,0.006465243,0.04887926,0.00049462,0.002373385,0.0027971,2.27244314,2.50E-06,3.002297371,27.30383277,413.6638171,0.002920185,0.00411575,0.000570916,0.005318801,16.7522933,31.12089779,0.02614645,8.86
4512.918377,35733.74405,0.433509622,4468.109894,0.028063374,12.25,62485.05,176.37,103.99,205.2423784,0.0001,39.70965018,0.0005,0.000868376,0.001896625,0.004369419,0.024444285,0.000327434,0.002102439,0.013060912,2.29355583,2.00E-06,1.230813813,29.46213207,448.7481398,0.003122938,0.004216577,0.001528904,0.004432956,18.03951477,34.81507423,0.037693145,10.48
8284.835815,32140.88745,89.39803541,4662.506962,120.3595608,16.21,65941.56,187.03,154.91,194.7831519,0.037332258,43.42063459,0.024415342,0.001274411,0.001723295,30.24642817,31.92269261,0.004732711,0.003657783,0.004586471,9.144489742,0.001230968,13.71753605,28.67037292,447.9417995,0.003287072,0.004912377,0.03439868,0.19374372,17.79266942,34.92384443,0.81497511,5.16
6994.970512,32172.72034,1.505303895,4468.809986,1.18224076,12.94,63745.67,180.39,137.28,193.7617361,0.0001,39.33416304,0.0005,0.001261916,0.001510935,0.049117188,0.055447229,0.000461383,0.002321161,0.003269966,3.092692168,2.50E-06,0.833819455,29.07431019,439.8702486,0.003096506,0.003990035,0.000594285,0.020873851,17.9755499,34.51054088,0.201017738,10.45
7138.801575,30763.97095,20.11921406,4328.26395,66.48318619,13.25,61814.63,175.77,110.68,184.2603597,0.0001,37.67539248,0.0005,0.001558875,0.001740448,1.03149596,0.062405021,0.0004459,0.002860933,0.004403563,2.655307736,2.50E-06,6.385130514,27.57923465,418.4620661,0.003096281,0.003953555,0.012225022,0.017001569,17.09724217,31.74354304,0.007913513,8.42
5023.3675,36633.76465,1.223630039,4623.696041,3.585140314,12.53,64478.53,183.83,122.49,202.8296166,0.0001,38.760898,0.017810767,0.001229665,0.001807593,0.010082237,0.047192686,0.000388317,0.00264723,0.013288045,2.185380169,2.00E-06,1.288836423,29.33616703,449.3727154,0.003012778,0.004059174,0.001674686,0.007149773,17.61076149,34.49338702,0.05333746,10.49
7291.392517,30676.0437,59.28885341,4388.703918,107.6331854,13.72,61968.53,175.04,114.65,196.9880118,0.0001,45.57231954,0.02317692,0.001173269,0.002066001,17.3337237,0.31017825,0.002687543,0.008072057,0.008019127,3.133564186,0.000618371,11.06509769,30.23543136,462.6815059,0.003012587,0.004658228,0.030331116,0.091183294,17.49020157,34.30259911,0.01491929,7.24
8264.2313,32337.37793,87.19977736,4668.415833,118.3302909,16.17,66394.54,182.54,145.67,192.2682266,0.030087162,44.66166279,0.016368621,0.001411983,0.002612901,30.69385271,31.60716998,0.004727025,0.007717741,0.007575943,9.088845146,0.001077491,13.65148848,29.21759951,451.0706909,0.003388613,0.004255688,0.0341441,0.206446332,17.9260012,35.12712174,0.690782829,6
8109.264565,31487.48703,83.03117752,4550.198364,115.9224272,16.22,64537.4,182.4,142.23,189.5638743,0.026364852,42.8039377,0.0005,0.001714361,0.003942659,28.22505461,26.41536936,0.004619399,0.007560498,0.006063753,8.923438041,0.000859503,12.78560786,28.18951652,437.5467906,0.003140327,0.005328591,0.033770132,0.188958879,17.71206062,34.33576959,0.645982325,6.06
8234.776497,32234.79538,84.12230909,4665.791988,116.9597536,16.04,65225.39,183.52,142.87,206.7195162,0.024477723,45.28918763,0.020042291,0.001191189,0.002142409,30.5725804,31.33480596,0.004830454,0.006206977,0.006955696,8.793584536,0.001032389,14.18256858,29.84276924,467.8443194,0.003242589,0.004297102,0.035215607,0.207660821,17.70185714,35.71149732,0.631573617,6.77
8412.245178,33083.33817,80.06308079,4724.442959,119.4916964,16.11,66806.89,190.68,147.16,205.6833022,0.007439413,45.64263964,0.019583087,0.001130551,0.002025308,29.52888397,11.60432845,0.00478654,0.006288162,0.006279064,7.767369325,0.000941611,11.95689694,30.33516058,473.235646,0.003140865,0.004347606,0.035867275,0.185555109,17.98539157,36.33871237,0.217372887,6.39
7011.698914,29379.90417,64.13875669,4210.037899,103.3852816,14.24,65141.03,186.32,121.35,194.4507098,0.0001,43.97306704,0.0005,0.001447824,0.002231256,16.39360658,8.573648823,0.002117257,0.00552752,0.006006683,3.886219667,0.000568874,12.0312898,28.79366397,437.0605788,0.003342334,0.00432957,0.029590748,0.075276685,18.03117784,33.7793254,0.069051568,7.05
6788.997459,27975.31128,60.45973152,4023.329258,102.5392056,13.75,63855.13,179.71,126.59,206.9816327,0.0001,45.83398398,0.015444683,0.00114951,0.002187169,17.90123583,1.957474922,0.003253037,0.006254974,0.006463721,3.547496939,0.000762854,11.57551119,29.55780847,463.9451023,0.003179035,0.004748782,0.032528053,0.124536611,18.12893205,35.7795629,0.037244557,6.83
7377.182579,27086.92932,74.73351806,3987.203979,108.5860223,16.02,62309.81,173.16,137.27,189.1805499,0.037195426,45.5340796,0.030315885,0.001098189,0.001202696,30.13635801,33.60728697,0.004750637,0.004331729,0.005302671,10.92782653,0.000917843,13.3884079,28.80938353,451.1168912,0.003170763,0.004199681,0.03400583,0.205086139,17.02829057,34.51549663,0.932391859,5.56
7883.296394,28266.63895,79.01643813,4141.615391,115.4455304,16.13,63577.98,175.56,138.56,198.8016028,0.038869892,47.48777611,0.05029596,0.001202374,0.001683297,32.46486649,36.10433521,0.005076982,0.005169348,0.007737119,10.54781956,0.000866292,14.33942127,30.47189054,480.0293353,0.003260554,0.005338918,0.03521524,0.209879001,18.02789702,36.30097853,0.89358678,5.5
7528.131294,27638.7886,76.3089627,4083.381557,110.9429151,16.08,63649.75,175.42,138.55,196.3921997,0.03623253,44.86970223,0.025837172,0.001084081,0.001875484,31.1562062,34.09875708,0.004881149,0.00443443,0.004956816,10.82867142,0.00094569,14.03764353,29.105135,450.5811846,0.003314315,0.004189163,0.034775481,0.200575266,18.01970964,35.44604058,0.810219488,5.41
7388.642693,27169.44351,73.9537105,3966.357136,107.7239066,16.02,61795.01,170.26,134.91,188.4411582,0.034670414,42.66156992,0.020701187,0.001106495,0.001546684,29.13064536,32.26126213,0.004611478,0.004869457,0.006375178,10.5775843,0.000993129,13.20777218,27.84012738,435.681961,0.00314475,0.004054234,0.033295014,0.194949173,17.69694836,34.10156851,0.759348368,5.73
7090.394783,27877.47803,80.20630181,4052.780056,106.5536231,16.3,64048.76,181.24,144.47,200.761156,0.041379964,47.89361335,0.039261768,0.00136371,0.001313946,32.04549385,34.58243799,0.004949851,0.0039716,0.007471322,8.733693431,0.00122387,14.29197504,30.36570945,473.4418336,0.003360523,0.004437173,0.035377724,0.215288959,17.77237163,36.47892092,0.958286543,5.35
7266.355133,28403.86963,82.42211044,4113.0126,108.3221912,16.37,65155.16,184.41,145.61,197.5600657,0.036289623,45.6266634,0.028045938,0.001102742,0.001810863,32.4354965,35.21398591,0.005029052,0.004783683,0.004901524,11.27750924,0.00103348,14.35423617,29.91942903,455.8283503,0.003354077,0.004419068,0.034624074,0.197866681,18.22312881,35.31925889,0.83930589,5.28
7539.151955,29246.46378,84.80262458,4298.962784,111.6642237,28.56,67214.34,191.78,164.11,202.2730509,0.039307611,46.26604809,0.033600569,0.001644513,0.002196813,32.16826315,34.42809616,0.005038396,0.004455124,0.004333252,8.861144401,0.000986163,14.11155359,30.30041441,474.7777539,0.003878393,0.00582935,0.034888993,0.205897071,19.30991179,37.31235803,0.82026582,5.33
7246.392632,27787.25967,81.33480549,4095.206451,106.910491,16.26,63727.38,180.06,150.98,195.6397109,0.037817573,44.88116625,0.029670074,0.001428808,0.002112119,31.11143707,33.35928204,0.00485015,0.003665399,0.005459264,6.531886742,0.001201577,13.88762432,30.00884056,460.250363,0.003729184,0.004638702,0.03516624,0.205368397,18.8180147,36.6026529,0.807677332,5.45
7329.727364,28799.55368,80.36955893,4174.544621,108.9946032,16.55,64571.04,181.42,151.73,193.6072224,0.036756883,43.69525419,0.021263512,0.001498021,0.001856642,30.59461022,32.10041939,0.004664825,0.004052512,0.004939846,6.400344054,0.001063815,13.59947077,29.23350136,456.0482444,0.003677017,0.004832508,0.034399445,0.203709779,18.2629496,36.63153821,0.835354406,5.76
7447.142601,29175.18311,89.44670856,4302.276707,110.3576571,16.1,63505.41,175.94,140.7,197.8220972,0.038257718,47.05865109,0.15931838,0.001148084,0.002532591,30.72473272,32.72285475,0.005002895,0.005859162,0.052354833,8.92506798,0.000826599,13.75737721,29.70437272,461.4143891,0.003077495,0.004307115,0.033596869,0.214609011,17.22038771,34.97998141,0.886050677,5.48
6963.306427,31039.72092,1.800108841,4336.968613,0.293351314,12.9,63469.65,178.56,130.25,200.6218137,0.0001,41.57314884,0.151815495,0.001304473,0.002630719,0.082683781,0.44841748,0.00058967,0.005476162,0.010151269,2.403369369,3.00E-06,1.379474392,30.2398817,465.9029804,0.003155907,0.004522301,0.000915827,0.01794761,17.40976795,34.32733654,0.13687083,10.53
6811.463356,30768.42041,1.915604621,4267.415714,0.328925613,12.88,61857.29,174.28,124,200.2721112,0.0001,41.72296081,0.209796385,0.001276892,0.002876799,0.092933649,0.558627085,0.000570638,0.004055023,0.008155183,2.333971102,3.00E-06,1.30549215,29.8478199,461.6468675,0.003129123,0.004387171,0.000735424,0.015131401,17.52603048,35.08988385,0.117641233,10.49
6811.371803,32650.44937,1.191110769,4497.014523,0.250430399,12.75,63603.72,181.81,132.01,203.4958339,0.0001,42.0521436,0.148519181,0.0011337,0.003115092,0.084892381,0.442323858,0.000571435,0.004480307,0.011289036,4.160343583,3.00E-06,1.03828226,30.48174628,461.733715,0.00305831,0.004423693,0.000728942,0.012583812,17.15148771,34.34201876,0.20316185,10.49
2704.037189,35857.66068,0.985420612,4325.604343,0.105394985,0,62429.87,176.43,123.56,191.1691047,0.0001,39.75075937,0.178319038,0.00104545,0.002693679,0.102392257,0.498586406,0.000296709,0.003718057,0.010082839,5.092448069,3.00E-06,0.514063691,28.43206654,427.3857975,0.002873317,0.004296384,0.000881531,0.015064889,16.42604363,32.41495853,0.14211158,10.5
339.5621181,39259.30023,1.790599572,4170.85619,0.142956266,11.78,61379,173.65,124.78,200.2799582,0.0001,41.45403046,0.189157227,0.001159744,0.004840909,0.070164649,0.511766672,0.000157588,0.003023306,0.008389799,4.63450787,3.00E-06,0.5922343,29.65709481,439.9943289,0.003005392,0.004596284,0.000855577,0.038255688,17.22602646,33.58520558,0.14830894,10.52
236.2942636,39840.38544,2.240496688,4153.405094,0.201097137,12.21,60427.25,165.05,120.87,184.03504,0.0001,39.59446008,0.192150571,0.001165094,0.006973276,0.066905327,0.548940017,0.000275566,0.00459896,0.011602332,4.749996049,3.00E-06,0.684643618,27.53229449,399.0344902,0.002649888,0.004639133,0.000835384,0.063146094,16.03750189,31.10284774,0.201950311,10.34
7795.251274,29891.00876,95.28203309,4536.209965,116.6509062,16.14,62626.68,177.95,139.5,196.2251373,0.03463154,44.56045093,0.170815541,0.001380309,0.003760794,31.07670869,32.65739196,0.004914839,0.006159352,0.006956398,11.77852717,0.000993491,13.82900981,29.15111957,456.3289066,0.003425523,0.004393294,0.034531938,0.205435953,18.17863664,35.72576703,0.860679112,5.04
7601.170349,29162.38403,93.6565429,4385.131931,113.4065509,16.17,64116.78,185.15,147.11,202.2614241,0.037898724,47.63865558,0.192750478,0.001297477,0.003284942,31.76125652,33.64936037,0.005087994,0.005858014,0.007037802,11.5168435,0.001119258,14.17701675,30.26479225,464.6443981,0.003205941,0.004604408,0.034780249,0.211065346,17.32967261,35.31166491,0.903456657,5.2
7685.651207,29681.89087,92.89563596,4497.523785,113.8175279,16.14,64848.75,189.28,151.2,214.8409715,0.03572933,47.31704892,0.200351201,0.001467182,0.00372472,31.5286398,33.04675756,0.005139226,0.006001877,0.008418311,11.34844434,0.001144184,14.24662583,31.16533036,485.8447544,0.003357074,0.004476127,0.035411001,0.22654107,18.3664894,36.67262898,0.98618926,5.54
7510.526276,29240.07797,91.53403938,4344.358921,112.1486664,16.16,62573.94,180.64,144.9,205.6780457,0.033400753,45.72907821,0.181768007,0.001354362,0.003219829,30.70309054,30.48619998,0.005002981,0.0060292,0.005742671,11.22058683,0.001231269,13.63271723,29.76004175,473.9900931,0.003206711,0.004508722,0.035297571,0.218105527,18.03037942,35.99484865,0.87997693,5.9
7411.008453,28523.14224,83.95576179,4270.509338,110.5191976,16.11,64615.57,187.45,148.68,205.2759373,0.012929335,44.94518224,0.319405909,0.001287171,0.004252283,30.1809241,13.34222633,0.004889459,0.006851183,0.067665115,11.00895458,0.000907129,11.54469421,29.15792554,467.7096361,0.003086155,0.004487901,0.035420995,0.204739842,17.73982391,35.79881264,0.370707868,6.22
7481.419373,28913.17062,78.92790735,4292.506313,110.3800625,16.17,63298.46,178.44,140.07,192.8841846,0.006622504,44.12557218,0.176104623,0.00141665,0.003444628,29.85138006,5.137460074,0.004991313,0.016944529,0.011373973,10.48885879,0.00110701,10.51198835,28.50415379,444.8945218,0.003353525,0.004460434,0.033213166,0.193889387,17.71645659,34.65645033,0.19957885,6.29
7494.511414,28590.43808,95.79767883,4345.439243,113.831234,16.08,65349.05,179.84,143.2,186.1447387,0.034673752,42.81213729,0.139402131,0.001337172,0.002955202,29.78889375,31.528409,0.004802688,0.005521143,0.021648007,10.51587966,0.001016945,13.39227174,27.27321997,432.3153325,0.003321195,0.004083388,0.032698204,0.180279453,17.21463769,34.05726182,0.861292646,5.45
6827.975464,28135.15549,19.89171803,4213.088322,71.48517519,13.49,62934.89,178.92,123.48,204.7478354,0.0001,40.72895344,0.156140679,0.001256691,0.002866776,1.479784595,0.49952775,0.000582209,0.004871012,0.016763058,4.526224103,2.00E-06,7.609778747,29.5188998,457.7056177,0.003004199,0.004255335,0.002580512,0.099300518,17.60511369,34.05649489,0.017859137,8.3
6752.149773,27577.29492,62.09024191,4029.183483,92.74792671,26.4,60377.22,172.73,133.5,194.4699124,0.026643344,41.94882313,0.16036633,0.001097272,0.003192382,20.25317538,21.6050753,0.003475536,0.005575715,0.023924142,9.322517661,0.000727806,11.34793821,27.90588011,438.0364042,0.003152685,0.004001914,0.022975222,0.185235171,16.7226066,33.53485786,0.770037829,8.19
6806.678009,28339.67285,13.23123313,4160.704136,58.5624218,13.34,62782.94,181.45,127.37,205.9686295,0.0001,40.68402196,0.157093167,0.001105965,0.002720173,0.4508678,0.478906981,0.000588249,0.004192911,0.020467912,5.019627754,2.00E-06,6.233823494,29.4243407,457.7421415,0.003006744,0.004397335,0.002683351,0.096657236,17.5778205,33.73303592,0.017478411,8.27
6891.252136,28737.99133,11.56964153,4209.733486,57.80946761,13.13,61461.59,176.05,122.51,189.0677163,0.0001,40.70380595,0.211242507,0.001187839,0.002941992,0.281988938,0.626765739,0.000630051,0.005134766,0.020928599,4.510079867,3.00E-06,5.215674316,28.56214455,431.9675577,0.002909709,0.004002676,0.00258381,0.093737367,16.33276978,32.11057873,0.016504626,8.19
6090.526772,25174.86877,23.94626364,3667.257786,59.4708547,13.47,54316.61,151.16,107.14,173.6093084,0.008972048,35.34773065,0.1779816,0.000931669,0.003041234,5.914571956,6.576599398,0.001354331,0.005197235,0.021154707,5.682112447,0.000198837,5.859306583,25.04380732,389.4901441,0.002646553,0.003791548,0.007832104,0.112177752,14.84028906,28.79014027,0.210937638,8.25
7037.715912,29129.79813,11.9600147,4347.801304,57.45838434,13.12,62872.31,173.49,121.52,204.0249129,0.002744661,39.82053482,0.153135812,0.001107242,0.003002007,1.24555342,1.671162747,0.000767472,0.005448394,0.021470188,5.024433145,2.00E-06,4.842258255,29.01951311,453.3801604,0.002994757,0.0040467,0.003203572,0.104898782,17.37215621,33.38294148,0.056092324,8.19
7368.269348,28451.39465,92.62404442,4280.173016,111.1683458,16.14,61659.14,178.18,143.82,192.2108463,0.038538179,45.92319291,0.205046311,0.001272924,0.003209728,30.73785949,32.50039819,0.004905456,0.006839092,0.02150252,9.362078899,0.001112551,13.81134788,29.1977606,457.2158555,0.003094507,0.004207538,0.034358923,0.18309074,16.82610213,34.04428121,0.809002442,5.13
7251.569939,28108.91647,92.30107069,4254.525661,111.2450212,15.98,63127.29,173.36,139.01,196.7076553,0.036687127,44.22521595,0.169447917,0.001300817,0.00342069,31.182128,32.93944982,0.004925973,0.005799764,0.004973741,9.196173125,0.000853562,13.88314088,29.42726663,461.6384002,0.003469466,0.004248099,0.034402247,0.187429254,18.3502844,35.50525876,0.799208302,5.19
7044.854736,27249.25919,88.28780651,4109.248066,106.8875313,16.08,61906.94,174.49,137.07,193.0740278,0.03862765,46.2824479,0.182231089,0.001200088,0.00277929,30.57564537,32.42905537,0.005045754,0.007306015,0.008989593,8.909838603,0.001008829,13.65828532,29.02946814,452.6587457,0.003151577,0.004252225,0.033565768,0.186817211,16.9021859,34.10981534,0.783037392,5.26
7223.169136,28174.95117,89.40234482,4227.24123,109.0544254,16.3,63463.23,183.04,146.04,203.7684518,0.037374753,44.50770288,0.205967913,0.001120221,0.00300223,30.55792597,32.3534336,0.004859628,0.006148333,0.006352671,9.210797068,0.001297783,13.90560978,29.51025108,464.4776996,0.003083281,0.00426819,0.035117209,0.191228225,17.73486516,35.74498181,0.827960618,5.77
6910.25219,26401.79443,87.43415773,4017.531109,105.0824404,16.47,61935.36,174.83,141.81,192.8534327,0.029859017,43.984331,0.17941522,0.001324977,0.003339822,30.58655012,29.06656101,0.004844942,0.005959824,0.00655773,8.887544892,0.001058516,13.17282425,28.90205329,448.128889,0.003287758,0.004291057,0.034499105,0.173425802,17.99262744,34.77740668,0.669611114,6.24
6954.368019,26832.43332,81.52855933,4103.157806,107.2247744,16.26,61076.53,177.29,140.88,189.2941257,0.007887038,44.35701505,0.163439804,0.001310046,0.003197431,30.6882439,10.34781674,0.004819453,0.006089344,0.003312072,8.739384075,0.00103129,11.18728878,28.67248452,442.7395256,0.003231296,0.004244826,0.033980189,0.170505556,17.54920565,34.19358036,0.196307529,6.53
1786.436272,38349.69788,41.50297642,4380.931473,0.160446763,0,65293.79,183.23,134.7,201.7018742,0.0001,38.21768012,0.010149828,0.001186176,0.000666218,0.005475869,0.001,0.000143064,0.00025,0.00025,2.622303274,5.00E-06,0.270632326,28.73741566,399.9609313,0.002484893,0.004684796,0.000557496,0.038238497,17.68463316,33.18335305,0.072414072,11.27
7912.217712,29584.81445,78.29196453,4298.273087,112.1909618,7.81,63742.54,178.86,150.31,206.3774491,0.027372936,46.9870929,0.025568103,0.001174687,0.000985245,30.48745898,15.10582217,0.0048988,0.008922821,0.011221731,8.504622241,0.00075936,10.28993127,28.97972633,445.9822572,0.002837868,0.004450746,0.033288443,0.214939057,17.39485181,36.01244926,0.591540778,5.12
4779.323196,35394.61365,0.623903051,4452.912903,0.4245535,0,66522.72,186.69,127.77,210.8952001,0.0001,39.55248793,0.010883815,0.001035902,0.000748973,0.06917853,0.001,0.000342753,0.00025,0.008995319,0.990249308,5.00E-06,0.523980075,29.42476694,435.0526373,0.002683956,0.004140649,0.000745784,0.02432452,17.79703969,34.16792186,0.02256961,10.82
7636.858368,28653.84521,76.70189738,4163.370132,109.6062303,8.13,63440.06,189.5,162.89,196.2818334,0.021229411,45.75452841,0.012855778,0.001122468,0.000773978,30.58388444,5.867416122,0.004723968,0.010615856,0.013854737,8.144954714,0.000759091,8.276839619,28.62055275,442.6649399,0.002709743,0.004491202,0.03372589,0.200004406,17.54729475,36.26254247,0.20202677,5.05
3528.248596,33345.24231,20.49013376,4090.029144,0.435351301,0,61411.04,182.66,133.43,189.7661195,0.002255877,37.02931884,0.01725767,0.001097127,0.000659906,0.005975793,0.001,0.000195887,0.0003,0.00907132,0.281416079,5.00E-06,0.195397508,27.53224995,403.828072,0.002494661,0.004024675,0.000591715,0.027360484,16.8752801,32.61326174,0.005623529,10.78
8057.169342,30817.98096,80.61054349,4434.648132,115.8260345,7.95,66032.16,185.58,155.2,212.0596801,0.019104025,47.94596066,0.009807469,0.001219261,0.000707555,31.20638499,1.709979085,0.004938484,0.007739714,0.00025,8.080657832,0.001024046,7.461245348,29.23964396,458.6285692,0.002750849,0.004257597,0.033813035,0.21039622,17.73306916,36.5055864,0.067169476,5.07
7856.549072,29472.00623,78.33434939,4249.587631,112.3181939,7.55,63757.03,178.7,149.04,207.6738682,0.021412237,47.41307389,0.015394974,0.001198904,0.000786447,30.18002858,5.095778867,0.00475466,0.00635264,0.00025,8.704042868,0.000972017,7.751953244,28.66158344,444.6011729,0.002785527,0.004323579,0.033163438,0.190427354,17.24186434,35.72577412,0.185508102,5.1
7844.909668,29345.38879,79.32238579,4236.791611,112.0105267,7.87,63903.16,180.94,150.69,209.5130008,0.031838723,47.50225398,0.023312014,0.001079924,0.000974726,30.69917942,22.20197068,0.00499038,0.009972262,0.010290109,8.13882491,0.000999794,11.40645604,28.90190171,449.3641826,0.00282606,0.004250485,0.032699399,0.210693052,17.51981037,36.20859091,0.689252125,5.12
7131.040192,27171.97876,72.3002255,3885.715103,102.0320654,7.28,58454.86,163.71,136.37,187.4228537,0.029542482,42.64801133,0.023282168,0.000998589,0.000950759,27.29707938,21.0770434,0.0044956,0.009480738,0.011271765,7.648764509,0.0008706,10.5567332,26.16813414,407.7959961,0.002615679,0.003741991,0.030585343,0.190957882,15.78273941,32.76027987,0.647307882,5.21
7800.843811,28912.28638,78.77859473,4265.977859,110.8933091,7.63,63549.26,178.63,149.3,206.0761464,0.030601041,47.0295361,0.02311345,0.001226185,0.000928454,30.03292625,20.06545744,0.004901677,0.01007524,0.009596029,8.202548495,0.000920132,10.87636942,28.59850536,442.6955292,0.002797954,0.004217991,0.032971895,0.204838006,17.3432209,35.77839725,0.607214018,5.33
7980.091095,29996.99707,81.22608066,4326.050949,114.5442486,7.96,65992.18,187.46,155.84,216.6214946,0.033228195,49.13598365,0.023104522,0.001255051,0.001043096,31.72597847,23.49068596,0.005150051,0.010263639,0.010595152,8.319939854,0.00098061,11.87793772,29.93586292,464.839622,0.002929283,0.004313154,0.034890387,0.216769693,17.97543415,37.36755894,0.703752298,5.57
8051.14975,30128.61023,81.57148361,4383.508301,115.0433421,7.91,65294.84,183.95,153.33,208.5824204,0.032559857,47.44942496,0.021166484,0.001288931,0.000898625,30.78699026,23.99459474,0.005160765,0.009540298,0.010296739,8.11217776,0.001005817,11.770304,28.81696956,449.8992599,0.002833857,0.004306833,0.033688182,0.210590133,17.58295705,36.15817028,0.772419258,5.85
7964.453888,29955.91736,79.52024937,4319.978333,113.459909,8.3,64486.93,193.9,166.82,205.3289018,0.025197488,47.75586745,0.023234209,0.001055709,0.000700471,31.2244445,11.29565866,0.004825552,0.009347797,0.011279525,8.388825519,0.000921848,9.582561764,29.25778051,450.2377671,0.002737082,0.004296014,0.034397368,0.201962932,17.65538171,35.8008371,0.355148635,5.01
7954.589844,29710.8551,82.85725713,4289.62822,114.0181661,8.27,64287.92,192.03,165.32,206.7735452,0.028660759,47.86476113,0.015059689,0.001267913,0.000681578,31.61654896,8.080074296,0.004995607,0.007808667,0.010545694,8.647407299,0.000781758,8.078377022,29.71015981,463.3138948,0.00263421,0.004145923,0.033854707,0.199468519,17.81753972,35.2892054,0.110980763,5.2
8249.913788,30133.52966,79.44794297,4331.798935,114.89259,7.93,65741.67,185.21,154.57,210.366895,0.021999496,47.23297001,0.007611636,0.001137516,0.00081025,30.81046312,4.484347456,0.004881958,0.00025,0.00025,8.740340404,0.000729774,7.802686096,28.91787709,450.9604,0.002754484,0.004268317,0.033565546,0.209561876,17.52465496,36.25374795,0.129969402,5.06
7015.22522,30309.29871,1.828332059,4119.360352,0.550322281,0,63759.87,179.46,142.26,204.9103215,0.0001,39.40015204,0.00744641,0.00106734,0.000687318,0.00521646,0.001,0.000411855,0.00025,0.00025,0.895236237,5.00E-06,1.478885722,28.40020174,427.7841602,0.002619014,0.004106709,0.000700682,0.026445013,17.19639999,33.19949484,0.01722674,10.65
7449.090576,31675.37842,1.025293954,4339.837646,0.596206635,0,65306.11,185.53,145.55,206.7388635,0.0001,40.14787547,0.023399318,0.001142148,0.000978579,0.014151032,0.30048266,0.000440448,0.00025,0.00025,1.044676774,5.00E-06,1.290839221,28.55236102,432.2565533,0.002641133,0.004078399,0.000726065,0.024856255,17.39205261,33.72117587,0.035785043,10.7
7540.63797,31653.01819,2.027719282,4356.856918,0.445736386,0,65150.32,183.31,142.67,206.8232017,0.0001,40.46849338,0.006777255,0.001154173,0.000741156,0.014408425,0.001,0.000380968,0.00025,0.00025,2.369571046,5.00E-06,1.168818365,28.53198535,435.9927317,0.002652947,0.004032919,0.000720865,0.022819339,17.36372763,34.74986261,0.106288111,10.66
6911.920166,30102.24304,1.150330156,4188.647461,0.369402138,0,62875.19,178.37,138.51,197.4786794,0.0001,39.34368808,0.007037993,0.001038324,0.000697213,0.006115305,0.001,0.000372515,0.00025,0.00025,0.079423396,5.00E-06,1.122652302,27.3772818,418.4510077,0.002546774,0.003910027,0.000660002,0.020532859,16.87497766,33.54293803,0.002374834,10.64
7204.811859,30814.3158,1.229879912,4306.450272,0.5618989,0,64506,191.76,151.61,202.7742747,0.0001,40.18919607,0.013384724,0.001001779,0.000706919,0.01259691,0.087436539,0.00038738,0.00025,0.00025,0.306514046,5.00E-06,0.80621965,28.21393388,430.6963902,0.002639904,0.004083288,0.000723828,0.024939356,17.35320111,35.10245157,0.015644045,10.57
7739.452362,32268.49976,1.141884644,4438.928604,0.491834991,0,65829.75,196.93,153.52,207.8883003,0.0001,41.48086711,0.009017414,0.001146038,0.000737923,0.010155162,0.056235886,0.000436965,0.00025,0.00025,1.558260969,5.00E-06,0.569159975,28.79698642,443.7255086,0.002712682,0.004475162,0.000706002,0.024189489,17.65806048,35.99813693,0.126515798,10.83
6964.883423,30700.64087,0.392528996,4210.633469,0.48000305,0,62988.56,187.08,146.22,197.0132342,0.0001,39.447776,0.011276789,0.001207002,0.000734802,0.008669791,0.042857479,0.000378168,0.00025,0.00025,0.064714213,5.00E-06,0.233317324,27.57166642,421.2078319,0.002543465,0.003944599,0.000704699,0.025822025,16.74168317,34.15505366,0.003217042,10.47
7776.154327,32641.50391,0.533072511,4516.691208,0.417769048,0,67640.83,200.83,156.87,212.8529595,0.0001,42.95054652,0.009089111,0.0011087,0.000878352,0.007484655,0.036977469,0.000450414,0.00025,0.00025,1.438488526,5.00E-06,0.218000122,29.74148023,457.9545317,0.002770801,0.004394623,0.000774785,0.029939678,18.19028107,36.9519876,0.149361851,10.68
7305.890656,30218.35022,0.408859178,4212.778854,0.416185474,0,63962.17,190.96,148.91,201.7773776,0.0001,40.50464575,0.010850538,0.001123449,0.0008216,0.007321952,0.035710193,0.000380366,0.00025,0.00025,1.55682144,5.00E-06,0.090665196,27.8481069,429.9934875,0.002638794,0.004490683,0.00075026,0.042071402,17.14335298,35.06500972,0.142917456,10.66
7747.900024,28747.75295,168.1347542,4150.479138,111.3426354,6.74,70788.38,209.82,158.91,179.5724878,0.038180339,46.29228171,0.058927058,0.00161775,0.00106341,26.05397122,27.32934619,0.003861326,0.014104405,0.00025,11.56356106,0.001137743,12.23192347,24.92075542,406.9150164,0.002921415,0.0002,0.034248766,0.223596695,16.21310253,35.5050091,0.900820231,5.09
7649.486569,28333.68007,163.3793629,4090.135232,109.8796513,6.52,68177.62,204.54,151.62,179.6909641,0.035753185,46.48888371,0.041831041,0.001436953,0.000960868,25.95560825,27.01796186,0.004102483,0.013530209,0.00025,11.52884292,0.001398628,12.2363619,24.9626112,406.1778753,0.002937971,0.0002,0.033454522,0.229971698,16.17340081,34.47429087,0.909577904,5.17
8313.028313,30865.75223,177.2141182,4449.356335,119.7610269,6.6,65940.75,198.06,145.38,190.8545418,0.037106488,49.39652833,0.042077794,0.001528273,0.001137124,28.13940964,28.88299465,0.00449599,0.019359851,0.00025,12.06459397,0.001500232,13.01311182,26.5917787,434.1486285,0.003118674,0.0002,0.036484175,0.234746271,17.31126907,36.74720278,1.085368244,5.07
8258.478769,30717.57378,176.4226494,4420.31683,119.2307822,6.24,65847.08,197.72,145.35,185.9912062,0.03468552,48.54991267,0.040868387,0.001494738,0.001179859,27.87336602,28.22073105,0.004068678,0.050549693,0.00025,12.3898004,0.001329781,12.75541034,26.15944438,428.5141542,0.002940189,0.0002,0.035327012,0.28721939,17.13851949,36.4652642,0.8620758,5.33
8339.985805,31242.10632,176.5264397,4475.240238,120.2508288,6.54,65391.55,196.68,144.12,184.2996288,0.036270206,47.94161867,0.053985123,0.001398945,0.000906145,27.57959857,28.39844884,0.004309712,0.01449929,0.00025,11.08845002,0.001197369,12.65466715,26.4019777,429.168589,0.002990282,0.0002,0.036176839,0.249527198,17.25784991,36.71875453,1.035836732,5.14
8311.280084,31123.98344,178.1349732,4468.729492,120.0589263,6.46,65003.07,195.52,143.18,188.7653767,0.035350327,48.65380175,0.041620138,0.001320181,0.00096158,28.72238732,29.37179471,0.004262808,0.032558031,0.00025,11.90665704,0.001338969,13.14670128,27.1038525,442.2568763,0.00297818,0.0002,0.037026231,0.265470764,17.73814548,37.95212165,0.886885889,5.12
7797.525636,29073.11174,165.7798995,4177.137998,111.869123,6.49,68024.93,204.21,151.2,175.7311375,0.033384574,45.20603551,0.080414518,0.001291114,0.001305373,27.59978511,28.39932732,0.004293613,0.018163881,0.025797565,10.9961913,0.00136936,12.51516695,25.03922329,413.3453549,0.002838596,0.0002,0.034540307,0.228084919,16.75519606,35.49659109,0.968809853,5.078
8458.414499,31088.62476,180.4941733,4578.863791,119.1196121,6.63,66808.18,200.02,147.34,183.4697534,0.033635386,47.58872905,0.038564741,0.001340263,0.000954587,28.57150271,28.91930943,0.004190976,0.032578788,0.00025,12.36457929,0.001665417,12.74431331,26.44642772,430.9015242,0.002919944,0.0002,0.036413056,0.255071581,17.49180181,37.251824,1.013795917,5.109
7713.948077,27949.8294,157.1882439,4120.969761,112.2684741,6.58,70031.87,207.62,154.8,200.4589256,0.035258682,45.09049541,0.054603618,0.001162618,0.000995725,29.27907505,30.34660787,0.004781933,0.020423355,0.00025,11.49150746,0.000976855,13.31574052,28.12156018,438.4057856,0.002688581,0.0002,0.034133271,0.263976233,17.43438646,36.10226806,0.987905175,5.14
7626.027473,28051.19403,161.0135684,4084.659095,109.2487211,6.74,71973.61,212.34,158.83,172.8205246,0.031248738,44.33117598,0.039334222,0.001240424,0.000978249,27.00056994,27.42418692,0.004060761,0.027449386,0.00025,11.53697594,0.0013764,12.02292086,24.86510088,409.7601341,0.002689301,0.0002,0.033509085,0.249250464,16.57422683,35.41533435,0.848116405,5.065
8125.19214,30083.87002,172.7787353,4371.068796,116.8982833,6.68,66957.48,200.32,147.51,186.9046335,0.034424384,48.12146869,0.038368631,0.001535007,0.001098778,29.58401698,29.79069984,0.004319404,0.033242855,0.00025,11.67414081,0.001423841,12.89017495,26.88468793,442.6940917,0.002872824,0.0002,0.036946344,0.243175648,18.00208309,38.44746126,1.060189746,5.04
7881.378714,29104.36991,167.3029799,4229.068433,113.1588793,6.93,71331.3,210.88,157.79,181.5085152,0.03556547,46.8832448,0.041351659,0.00135548,0.001532194,29.05441248,31.29046013,0.004074763,0.016415572,0.00025,11.07884043,0.001309187,12.58641592,25.89167853,426.2351544,0.002774301,0.0002,0.035057042,0.220141992,17.39557712,37.48000705,0.979374005,5.054
8077.58361,29539.56221,170.3287737,4327.491597,115.3613977,6.32,65716.23,198.49,145.58,185.6857792,0.033077429,47.75191728,0.038348736,0.001324264,0.000920783,29.3263659,29.50692013,0.004347125,0.037840212,0.014996456,11.86875742,0.001286858,12.64741618,26.76610706,440.3222292,0.00279353,0.0002,0.035781759,0.276725635,18.1105579,38.64956423,1.213911794,5.152
7937.954353,29100.72743,166.8831831,4261.234678,113.3249853,6.88,69986.3,208.84,154.87,182.6031548,0.032565896,46.51250103,0.04232561,0.001195887,0.001210013,29.10304854,29.58487812,0.00453025,0.036414328,0.00025,11.75482439,0.001297384,12.43188385,26.17804805,433.1413096,0.002674856,0.0002,0.035237706,0.296879383,17.683934,37.88832476,1.871270678,5.049
7910.168194,29110.7931,167.2107413,4255.578598,113.2572092,6.78,68997.38,205.24,151.85,183.4085802,0.033319424,47.17617391,0.042388662,0.001218271,0.001066177,29.07692343,29.6314089,0.004060599,0.018877339,0.011581282,11.84494582,0.001425075,12.34523828,26.39461799,435.716378,0.00281748,0.0002,0.035094833,0.22087781,17.89292261,38.30439359,1.077307423,5.011
7669.66095,28278.7468,78.09903324,4151.770878,112.5408322,16.23,64093.59,176.59,140.29,207.9665436,0.038745969,46.17576677,0.04625695,0.001240696,0.001601722,32.34225809,35.51110718,0.005286258,0.008518885,0.029384856,11.90029716,0.001221905,14.43263948,30.77614882,483.6511387,0.003370377,0.005713617,0.037114008,0.211117319,18.59841629,37.89032624,0.973577271,5.18
7037.171173,32922.45712,1.464119693,4516.48407,0.921716332,12.53,65924.32,185.24,118.77,190.4285163,0.0001,36.70316443,0.0005,0.00124985,0.001641964,0.048184707,0.083901543,0.000492931,0.002624192,0.008014556,4.344458565,2.50E-06,1.129202344,28.1109384,426.6741404,0.00313903,0.003884239,0.000778062,0.004818912,17.46500308,32.33283253,0.025933977,10.2
7434.553528,30850.05798,66.48264527,4411.982059,107.1760207,13.9,61899.99,176.03,117.41,191.1437957,0.0001,43.58042754,0.0005,0.001357383,0.002378688,17.47984612,10.86577382,0.002764929,0.0080964,0.006311751,3.583418316,0.000629055,12.26185206,29.04487025,441.7259077,0.003356471,0.004266877,0.030025414,0.094389397,17.889629,33.6538482,0.04930386,6.94
7731.301689,28364.7377,78.1134814,4198.755169,113.5887265,16.29,65661.9,183.16,144.09,206.5014521,0.042802849,49.44400549,0.031510892,0.0015416,0.001432752,32.87147932,35.05057581,0.005059398,0.003449509,0.005505132,8.930432998,0.001026531,14.48263643,31.78415549,496.5525471,0.003401668,0.005111729,0.036886419,0.220955832,18.59076417,38.00158106,0.89300251,5.34
7347.47715,27994.6106,88.506791,4189.148998,109.066692,16.05,61273.69,172.67,135.58,206.0053328,0.037483149,46.19883918,0.161780568,0.001409822,0.00311602,31.39145594,33.4460799,0.005269276,0.007194775,0.010028364,10.89069174,0.0009718,14.15668029,30.26201482,467.82812,0.003226683,0.004422702,0.036497782,0.212521222,18.15354481,36.76110337,0.939299582,5.11
7840.619659,29346.16394,78.141433,4265.501022,112.4907613,9.31,63792.76,176.78,152.32,199.1570731,0.023832198,45.55500559,0.015021169,0.000996357,0.001302,30.08139298,9.40820729,0.004895862,0.013707875,0.00025,9.973888043,0.000750804,8.916394174,28.53730905,444.1352324,0.002753881,0.005365335,0.033506365,0.25900751,17.44818136,36.61191847,0.46595204,5.51
1421.536636,37924.67957,20.59196085,4381.972122,0.146798429,0,65529.29,195.72,146.98,207.9025234,0.002105572,40.66533963,0.01268373,0.001046144,0.001025022,0.001842412,0.001,9.70E-05,0.0003,0.013952911,0.269843793,5.00E-06,0.220580011,29.50679251,400.7987994,0.002424824,0.004280793,0.00079814,0.030456554,17.93645022,31.8958414,0.001273275,10.96
7489.652252,31426.36414,1.327298582,4303.3535,0.448236754,0,64555.01,181.84,142.02,204.432,0.0001,39.75973364,0.005572015,0.001146221,0.000629152,0.005057515,0.001,0.000421101,0.00025,0.00025,1.197542005,5.00E-06,1.173385342,28.27620558,429.0597287,0.002595894,0.004024433,0.000710072,0.020602798,17.15753871,33.52389148,0.044621889,10.68
8403.129478,31426.51849,179.9707162,4496.526328,121.1479282,7.12,70970.62,211.4,157.54,184.4811723,0.037671001,48.32567738,0.043475712,0.001359217,0.000890113,27.91670457,29.0376597,0.00433658,0.019902477,0.00025,11.1802704,0.001418005,12.85347907,26.17580779,424.6981363,0.003000399,0.0002,0.036069349,0.244773189,17.03665481,36.50851576,1.008258135,5.12
7826.846529,28444.4641,164.8821428,4197.831995,111.6037048,6.71,71135.65,203.57,159.5,178.9360115,0.032053539,46.04124247,0.043550719,0.001296106,0.001084817,28.35566051,28.87001424,0.00399572,0.038911151,0.010695336,11.96334017,0.001406006,12.27721143,25.8205845,424.7064565,0.002702312,0.0002,0.034238291,0.26817097,17.50051806,37.27010294,1.119964096,5.077
